variant,pair,size,unique,sample,ms
baseline,1,12,1,cold,0.278
baseline,1,12,1,0,22.739
baseline,1,12,1,1,22.475
baseline,1,12,1,2,22.467
baseline,1,12,1,3,22.355
baseline,1,12,1,4,22.396
baseline,1,24,8,cold,0.822
baseline,1,24,8,0,91.683
baseline,1,24,8,1,90.741
baseline,1,24,8,2,90.863
baseline,1,24,8,3,90.657
baseline,1,24,8,4,90.265
baseline,1,64,8,cold,3.964
baseline,1,64,8,0,487.292
baseline,1,64,8,1,485.389
baseline,1,64,8,2,482.23
baseline,1,64,8,3,482.086
baseline,1,64,8,4,481.937
baseline,1,128,8,cold,12.586
baseline,1,128,8,0,1588.73
baseline,1,128,8,1,1591.02
baseline,1,128,8,2,1588.78
baseline,1,128,8,3,1594.71
baseline,1,128,8,4,1586.96
baseline,1,24,512,cold,0.825
baseline,1,24,512,0,88.658
baseline,1,24,512,1,88.661
baseline,1,24,512,2,88.546
baseline,1,24,512,3,88.853
baseline,1,24,512,4,88.576
baseline,1,64,512,cold,3.949
baseline,1,64,512,0,482.625
baseline,1,64,512,1,481.428
baseline,1,64,512,2,482.648
baseline,1,64,512,3,482.758
baseline,1,64,512,4,484.009
baseline,2,12,1,cold,0.271
baseline,2,12,1,0,22.36
baseline,2,12,1,1,22.413
baseline,2,12,1,2,22.258
baseline,2,12,1,3,22.244
baseline,2,12,1,4,22.226
baseline,2,24,8,cold,0.858
baseline,2,24,8,0,90.807
baseline,2,24,8,1,90.951
baseline,2,24,8,2,92.055
baseline,2,24,8,3,90.858
baseline,2,24,8,4,90.484
baseline,2,64,8,cold,3.979
baseline,2,64,8,0,484.073
baseline,2,64,8,1,483.957
baseline,2,64,8,2,484.778
baseline,2,64,8,3,484.79
baseline,2,64,8,4,484.361
baseline,2,128,8,cold,12.416
baseline,2,128,8,0,1596.3
baseline,2,128,8,1,1593.83
baseline,2,128,8,2,1591.36
baseline,2,128,8,3,1601.8
baseline,2,128,8,4,1611.45
baseline,2,24,512,cold,0.839
baseline,2,24,512,0,93.83
baseline,2,24,512,1,93.802
baseline,2,24,512,2,93.817
baseline,2,24,512,3,93.841
baseline,2,24,512,4,93.71
baseline,2,64,512,cold,4.072
baseline,2,64,512,0,498.586
baseline,2,64,512,1,495.821
baseline,2,64,512,2,496.68
baseline,2,64,512,3,496.972
baseline,2,64,512,4,497.039
baseline,3,12,1,cold,0.272
baseline,3,12,1,0,22.429
baseline,3,12,1,1,22.215
baseline,3,12,1,2,22.141
baseline,3,12,1,3,22.178
baseline,3,12,1,4,22.149
baseline,3,24,8,cold,0.874
baseline,3,24,8,0,92.551
baseline,3,24,8,1,95.023
baseline,3,24,8,2,94.463
baseline,3,24,8,3,100.234
baseline,3,24,8,4,98.671
baseline,3,64,8,cold,4.288
baseline,3,64,8,0,499.412
baseline,3,64,8,1,498.833
baseline,3,64,8,2,497.802
baseline,3,64,8,3,498.792
baseline,3,64,8,4,498.807
baseline,3,128,8,cold,12.634
baseline,3,128,8,0,1568.41
baseline,3,128,8,1,1580.59
baseline,3,128,8,2,1601.39
baseline,3,128,8,3,1617.94
baseline,3,128,8,4,1621.94
baseline,3,24,512,cold,0.87
baseline,3,24,512,0,88.733
baseline,3,24,512,1,89.344
baseline,3,24,512,2,88.056
baseline,3,24,512,3,88.628
baseline,3,24,512,4,88.057
baseline,3,64,512,cold,4.054
baseline,3,64,512,0,4316.2
baseline,3,64,512,1,502.097
baseline,3,64,512,2,491.085
baseline,3,64,512,3,481.417
baseline,3,64,512,4,481.434
changed,1,12,1,cold,0.222
changed,1,12,1,0,15.843
changed,1,12,1,1,15.803
changed,1,12,1,2,15.832
changed,1,12,1,3,15.761
changed,1,12,1,4,15.783
changed,1,24,8,cold,0.697
changed,1,24,8,0,61.656
changed,1,24,8,1,61.677
changed,1,24,8,2,61.549
changed,1,24,8,3,61.658
changed,1,24,8,4,61.75
changed,1,64,8,cold,2.787
changed,1,64,8,0,331.36
changed,1,64,8,1,331.455
changed,1,64,8,2,330.853
changed,1,64,8,3,330.686
changed,1,64,8,4,330.369
changed,1,128,8,cold,8.038
changed,1,128,8,0,1021
changed,1,128,8,1,1018.78
changed,1,128,8,2,1017.47
changed,1,128,8,3,1019.36
changed,1,128,8,4,1019.77
changed,1,24,512,cold,0.906
changed,1,24,512,0,63.913
changed,1,24,512,1,63.857
changed,1,24,512,2,63.772
changed,1,24,512,3,63.689
changed,1,24,512,4,63.836
changed,1,64,512,cold,4.241
changed,1,64,512,0,346.794
changed,1,64,512,1,346.239
changed,1,64,512,2,346.653
changed,1,64,512,3,346.084
changed,1,64,512,4,346.401
changed,2,12,1,cold,0.228
changed,2,12,1,0,15.837
changed,2,12,1,1,15.89
changed,2,12,1,2,15.812
changed,2,12,1,3,15.876
changed,2,12,1,4,15.826
changed,2,24,8,cold,0.674
changed,2,24,8,0,62.114
changed,2,24,8,1,62.061
changed,2,24,8,2,61.849
changed,2,24,8,3,61.84
changed,2,24,8,4,61.964
changed,2,64,8,cold,2.824
changed,2,64,8,0,332.358
changed,2,64,8,1,331.152
changed,2,64,8,2,330.616
changed,2,64,8,3,331.223
changed,2,64,8,4,331.156
changed,2,128,8,cold,7.945
changed,2,128,8,0,1024.92
changed,2,128,8,1,1026.21
changed,2,128,8,2,1029.4
changed,2,128,8,3,1028.64
changed,2,128,8,4,1029.31
changed,2,24,512,cold,0.87
changed,2,24,512,0,66.826
changed,2,24,512,1,66.646
changed,2,24,512,2,66.689
changed,2,24,512,3,66.519
changed,2,24,512,4,66.574
changed,2,64,512,cold,4.219
changed,2,64,512,0,353.105
changed,2,64,512,1,350.961
changed,2,64,512,2,351.948
changed,2,64,512,3,349.809
changed,2,64,512,4,350.014
changed,3,12,1,cold,0.217
changed,3,12,1,0,15.886
changed,3,12,1,1,15.985
changed,3,12,1,2,16.17
changed,3,12,1,3,16.055
changed,3,12,1,4,16.149
changed,3,24,8,cold,0.666
changed,3,24,8,0,61.702
changed,3,24,8,1,61.583
changed,3,24,8,2,61.616
changed,3,24,8,3,64.224
changed,3,24,8,4,64.068
changed,3,64,8,cold,2.831
changed,3,64,8,0,341.941
changed,3,64,8,1,334.288
changed,3,64,8,2,334.239
changed,3,64,8,3,334.907
changed,3,64,8,4,335.666
changed,3,128,8,cold,7.803
changed,3,128,8,0,1051.2
changed,3,128,8,1,1051.09
changed,3,128,8,2,1067.18
changed,3,128,8,3,1053.47
changed,3,128,8,4,1053.51
changed,3,24,512,cold,0.889
changed,3,24,512,0,69.879
changed,3,24,512,1,72.843
changed,3,24,512,2,72.899
changed,3,24,512,3,72.69
changed,3,24,512,4,72.82
changed,3,64,512,cold,4.36
changed,3,64,512,0,332.802
changed,3,64,512,1,333.305
changed,3,64,512,2,333.076
changed,3,64,512,3,334.667
changed,3,64,512,4,333.246
