run,variant,tick,simulation_us,movable_us,particles
1,baseline,0,6554,642,508
1,baseline,1,16217,16132,487
1,baseline,2,12107,12054,455
1,baseline,3,10238,10187,412
1,baseline,4,7323,7265,359
1,baseline,5,5357,5294,314
1,baseline,6,4217,4158,274
1,baseline,7,2997,2934,248
1,baseline,8,2624,2567,242
1,baseline,9,1917,1860,256
1,baseline,10,1737,1674,271
1,baseline,11,1655,1595,361
1,baseline,12,1504,1439,372
1,baseline,13,1400,1323,383
1,baseline,14,1325,1251,391
1,baseline,15,1266,1155,390
1,baseline,16,1234,1180,390
1,baseline,17,1212,1159,393
1,baseline,18,1195,1124,413
1,baseline,19,1151,1095,419
1,baseline,20,1140,1091,429
1,baseline,21,1115,1050,425
1,baseline,22,1163,1079,432
1,baseline,23,1081,998,451
1,baseline,24,1118,1038,448
1,baseline,25,1063,997,449
1,baseline,26,1097,1036,443
1,baseline,27,1067,995,433
1,baseline,28,1075,1016,434
1,baseline,29,1024,964,424
1,baseline,30,1118,1051,416
1,baseline,31,1014,954,409
1,baseline,32,972,919,401
1,baseline,33,975,910,392
1,baseline,34,1090,1000,385
1,baseline,35,1108,965,374
1,baseline,36,1107,1048,374
1,baseline,37,1018,941,367
1,baseline,38,1002,936,362
1,baseline,39,959,904,352
1,baseline,40,1067,994,342
1,baseline,41,1780,1207,309
1,baseline,42,1043,971,283
1,baseline,43,993,925,274
1,baseline,44,898,838,267
1,baseline,45,1079,1019,267
1,baseline,46,1003,938,259
1,baseline,47,1040,977,251
1,baseline,48,1022,907,240
1,baseline,49,935,877,235
1,baseline,50,941,880,237
1,baseline,51,1011,949,245
1,baseline,52,928,872,239
1,baseline,53,1110,1045,229
1,baseline,54,973,903,221
1,baseline,55,1141,921,213
1,baseline,56,1015,949,203
1,baseline,57,1046,975,200
1,baseline,58,1000,918,193
1,baseline,59,948,832,190
1,baseline,60,7364,1050,696
1,baseline,61,17772,17683,666
1,baseline,62,12818,12605,630
1,baseline,63,10914,10853,580
1,baseline,64,8722,8656,528
1,baseline,65,6259,6175,506
1,baseline,66,5075,4993,489
1,baseline,67,4177,4089,459
1,baseline,68,3433,3340,420
1,baseline,69,2677,2475,397
1,baseline,70,2411,2318,400
1,baseline,71,2279,2219,454
1,baseline,72,2177,2122,468
1,baseline,73,2013,1947,473
1,baseline,74,1884,1778,475
1,baseline,75,1704,1644,486
1,baseline,76,1630,1505,480
1,baseline,77,1555,1500,473
1,baseline,78,1473,1421,470
1,baseline,79,1580,1524,483
1,baseline,80,1709,1644,481
1,baseline,81,1460,1355,490
1,baseline,82,1534,1473,532
1,baseline,83,1679,1518,566
1,baseline,84,1569,1512,587
1,baseline,85,1454,1385,587
1,baseline,86,1444,1346,583
1,baseline,87,1291,1237,572
1,baseline,88,1355,1308,568
1,baseline,89,1308,1236,565
1,baseline,90,1487,1267,554
1,baseline,91,1440,1361,547
1,baseline,92,1408,1342,547
1,baseline,93,1411,1361,533
1,baseline,94,1378,1309,530
1,baseline,95,1360,1296,564
1,baseline,96,1344,1281,582
1,baseline,97,1399,1225,561
1,baseline,98,1389,1310,545
1,baseline,99,1223,1148,537
1,baseline,100,1258,1202,539
1,baseline,101,1334,1265,534
1,baseline,102,1447,1385,533
1,baseline,103,1371,1306,524
1,baseline,104,1781,1446,505
1,baseline,105,1290,1223,488
1,baseline,106,1357,1297,483
1,baseline,107,1411,1329,482
1,baseline,108,1390,1334,472
1,baseline,109,1318,1249,447
1,baseline,110,1319,1240,434
1,baseline,111,1710,1074,420
1,baseline,112,1194,1093,406
1,baseline,113,1213,1132,386
1,baseline,114,1161,1092,369
1,baseline,115,1168,1098,358
1,baseline,116,1108,1047,347
1,baseline,117,1115,946,342
1,baseline,118,1101,1008,333
1,baseline,119,1181,1059,332
1,baseline,120,7473,1232,840
1,baseline,121,17940,17865,811
1,baseline,122,12827,12758,772
1,baseline,123,10439,10242,720
1,baseline,124,7921,7852,655
1,baseline,125,6283,6231,614
1,baseline,126,5316,5264,581
1,baseline,127,4234,4174,579
1,baseline,128,3330,3277,529
1,baseline,129,2860,2688,514
1,baseline,130,2684,2580,514
1,baseline,131,2395,2344,509
1,baseline,132,2209,2165,507
1,baseline,133,2162,2102,504
1,baseline,134,2024,1964,497
1,baseline,135,2159,1956,511
1,baseline,136,2052,2005,537
1,baseline,137,2004,1956,548
1,baseline,138,1985,1931,552
1,baseline,139,2146,2036,565
1,baseline,140,1979,1910,560
1,baseline,141,1921,1870,552
1,baseline,142,1952,1712,557
1,baseline,143,1852,1778,572
1,baseline,144,1782,1710,582
1,baseline,145,1837,1785,586
1,baseline,146,1895,1828,588
1,baseline,147,1811,1748,579
1,baseline,148,1900,1709,590
1,baseline,149,1801,1717,580
1,baseline,150,2068,1992,571
1,baseline,151,1957,1894,565
1,baseline,152,1792,1728,570
1,baseline,153,1721,1675,572
1,baseline,154,1604,1543,561
1,baseline,155,1603,1437,566
1,baseline,156,1513,1467,565
1,baseline,157,1501,1438,550
1,baseline,158,1603,1554,554
1,baseline,159,1425,1377,551
1,baseline,160,1489,1422,540
1,baseline,161,1559,1385,538
1,baseline,162,1389,1328,539
1,baseline,163,1480,1432,532
1,baseline,164,1497,1433,524
1,baseline,165,1403,1341,513
1,baseline,166,1495,1432,492
1,baseline,167,1529,1482,478
1,baseline,168,1447,1331,478
1,baseline,169,1364,1313,462
1,baseline,170,1349,1295,449
1,baseline,171,1322,1262,447
1,baseline,172,1323,1275,446
1,baseline,173,1334,1252,434
1,baseline,174,1538,1366,424
1,baseline,175,1332,1268,435
1,baseline,176,1330,1272,430
1,baseline,177,1299,1239,444
1,baseline,178,1218,1172,440
1,baseline,179,1469,1351,438
1,baseline,180,5965,1310,883
1,baseline,181,17686,17467,860
1,baseline,182,12229,12162,804
1,baseline,183,9745,9697,742
1,baseline,184,8386,7918,696
1,baseline,185,6736,6663,656
1,baseline,186,5028,4976,625
1,baseline,187,3679,3552,584
1,baseline,188,2965,2899,553
1,baseline,189,2944,2890,526
1,baseline,190,2547,2479,510
1,baseline,191,2362,2276,501
1,baseline,192,2241,2187,488
1,baseline,193,2108,2033,498
1,baseline,194,2184,1925,504
1,baseline,195,1975,1917,496
1,baseline,196,1798,1751,480
1,baseline,197,1797,1742,469
1,baseline,198,1913,1857,477
1,baseline,199,1776,1708,469
1,baseline,200,1943,1693,461
1,baseline,201,1582,1512,454
1,baseline,202,1640,1579,447
1,baseline,203,1536,1453,440
1,baseline,204,1578,1503,431
1,baseline,205,1623,1559,423
1,baseline,206,1624,1562,404
1,baseline,207,1586,1406,401
1,baseline,208,1438,1388,419
1,baseline,209,1428,1338,420
1,baseline,210,1556,1483,416
1,baseline,211,1663,1585,406
1,baseline,212,1570,1507,410
1,baseline,213,1773,1495,411
1,baseline,214,1643,1578,406
1,baseline,215,1651,1591,401
1,baseline,216,1620,1549,389
1,baseline,217,1608,1542,379
1,baseline,218,1560,1493,377
1,baseline,219,1506,1387,374
1,baseline,220,1683,1489,374
1,baseline,221,1442,1362,366
1,baseline,222,1538,1458,363
1,baseline,223,1488,1420,357
1,baseline,224,1558,1483,355
1,baseline,225,1687,1615,357
1,baseline,226,1565,1492,363
1,baseline,227,1544,1365,367
1,baseline,228,1452,1373,355
1,baseline,229,1467,1402,350
1,baseline,230,1473,1393,345
1,baseline,231,1475,1394,345
1,baseline,232,1479,1391,340
1,baseline,233,1638,1360,339
1,baseline,234,1344,1267,331
1,baseline,235,1363,1292,331
1,baseline,236,1553,1456,325
1,baseline,237,1521,1449,314
1,baseline,238,1488,1393,294
1,baseline,239,1536,1414,290
1,changed,0,6734,601,508
1,changed,1,16004,15938,487
1,changed,2,11350,11300,455
1,changed,3,10349,10298,412
1,changed,4,7512,7439,359
1,changed,5,5279,5215,314
1,changed,6,4132,4081,274
1,changed,7,3137,3076,248
1,changed,8,2699,2633,242
1,changed,9,2005,1937,256
1,changed,10,1765,1709,271
1,changed,11,1646,1582,361
1,changed,12,1566,1514,372
1,changed,13,1391,1325,383
1,changed,14,1486,1420,391
1,changed,15,1436,1316,390
1,changed,16,1284,1240,390
1,changed,17,1212,1159,393
1,changed,18,1190,1137,413
1,changed,19,1174,1113,419
1,changed,20,1169,1110,429
1,changed,21,1062,1002,425
1,changed,22,1197,1109,432
1,changed,23,1131,1070,451
1,changed,24,1056,972,448
1,changed,25,1080,1015,449
1,changed,26,1071,997,443
1,changed,27,990,936,433
1,changed,28,1077,1004,434
1,changed,29,1176,1106,424
1,changed,30,1191,1110,416
1,changed,31,1149,1067,409
1,changed,32,1129,1051,401
1,changed,33,1148,1064,392
1,changed,34,1014,944,385
1,changed,35,1068,920,374
1,changed,36,1150,1094,374
1,changed,37,1037,985,367
1,changed,38,953,874,362
1,changed,39,1069,1012,352
1,changed,40,1005,946,342
1,changed,41,1037,912,309
1,changed,42,1917,1823,283
1,changed,43,1062,987,274
1,changed,44,970,911,267
1,changed,45,934,854,267
1,changed,46,1075,1005,259
1,changed,47,965,907,251
1,changed,48,1095,932,240
1,changed,49,1012,932,235
1,changed,50,1032,970,237
1,changed,51,984,923,245
1,changed,52,817,760,239
1,changed,53,993,929,229
1,changed,54,1098,926,221
1,changed,55,992,926,213
1,changed,56,1033,954,203
1,changed,57,1016,953,200
1,changed,58,1034,967,193
1,changed,59,954,848,190
1,changed,60,7389,1114,696
1,changed,61,17710,17517,666
1,changed,62,13107,13037,630
1,changed,63,11180,11104,580
1,changed,64,9078,9005,528
1,changed,65,6304,6227,506
1,changed,66,5203,5139,489
1,changed,67,4424,4227,459
1,changed,68,3582,3489,420
1,changed,69,2728,2663,397
1,changed,70,2406,2301,400
1,changed,71,2124,2072,454
1,changed,72,2032,1973,468
1,changed,73,1937,1814,473
1,changed,74,1839,1785,475
1,changed,75,1613,1542,486
1,changed,76,1550,1500,480
1,changed,77,1516,1425,473
1,changed,78,1560,1490,470
1,changed,79,1564,1494,483
1,changed,80,1805,1599,481
1,changed,81,1464,1401,490
1,changed,82,1466,1411,532
1,changed,83,1498,1449,566
1,changed,84,1406,1336,587
1,changed,85,1402,1324,587
1,changed,86,1487,1299,583
1,changed,87,1317,1257,572
1,changed,88,1483,1426,568
1,changed,89,1388,1305,565
1,changed,90,1327,1238,554
1,changed,91,1369,1286,547
1,changed,92,1285,1193,547
1,changed,93,1378,1191,533
1,changed,94,1264,1157,530
1,changed,95,1333,1234,564
1,changed,96,1279,1220,582
1,changed,97,1270,1207,561
1,changed,98,1269,1209,545
1,changed,99,1310,1224,537
1,changed,100,1367,1165,539
1,changed,101,1218,1167,534
1,changed,102,1236,1163,533
1,changed,103,1274,1217,524
1,changed,104,1167,1105,505
1,changed,105,1184,1136,488
1,changed,106,1384,1210,483
1,changed,107,1139,1066,482
1,changed,108,1198,1141,472
1,changed,109,1157,1101,447
1,changed,110,1150,1084,434
1,changed,111,1603,1104,420
1,changed,112,1125,1065,406
1,changed,113,1225,1010,386
1,changed,114,1128,1017,369
1,changed,115,1047,969,358
1,changed,116,1086,1014,347
1,changed,117,1011,933,342
1,changed,118,1065,982,333
1,changed,119,1212,933,332
1,changed,120,7169,1080,840
1,changed,121,16960,16903,811
1,changed,122,12335,12296,772
1,changed,123,10216,10179,720
1,changed,124,7717,7629,655
1,changed,125,6051,5858,614
1,changed,126,4867,4826,581
1,changed,127,3841,3795,579
1,changed,128,3117,3073,529
1,changed,129,2655,2607,514
1,changed,130,2567,2517,514
1,changed,131,2444,2263,509
1,changed,132,2301,2233,507
1,changed,133,2002,1961,504
1,changed,134,1989,1932,497
1,changed,135,1968,1915,511
1,changed,136,1946,1854,537
1,changed,137,1942,1847,548
1,changed,138,1910,1799,552
1,changed,139,1843,1796,565
1,changed,140,2128,2070,560
1,changed,141,1912,1850,552
1,changed,142,1818,1764,557
1,changed,143,1868,1789,572
1,changed,144,1682,1631,582
1,changed,145,1878,1688,586
1,changed,146,1688,1592,588
1,changed,147,1717,1608,579
1,changed,148,1607,1518,590
1,changed,149,1684,1583,580
1,changed,150,1591,1488,571
1,changed,151,1575,1521,565
1,changed,152,1686,1466,570
1,changed,153,1590,1507,572
1,changed,154,1524,1463,561
1,changed,155,1478,1429,566
1,changed,156,1556,1455,565
1,changed,157,1556,1460,550
1,changed,158,1610,1408,554
1,changed,159,1491,1391,551
1,changed,160,1474,1422,540
1,changed,161,1450,1364,538
1,changed,162,1431,1386,539
1,changed,163,1468,1383,532
1,changed,164,1426,1324,524
1,changed,165,1548,1331,513
1,changed,166,1497,1393,492
1,changed,167,1312,1266,478
1,changed,168,1349,1275,478
1,changed,169,1391,1346,462
1,changed,170,1328,1240,449
1,changed,171,1492,1284,447
1,changed,172,1385,1303,446
1,changed,173,1353,1259,434
1,changed,174,1216,1171,424
1,changed,175,1364,1260,435
1,changed,176,1352,1304,430
1,changed,177,1286,1184,444
1,changed,178,1497,1242,440
1,changed,179,1242,1102,438
1,changed,180,6885,1359,883
1,changed,181,16601,16549,860
1,changed,182,11893,11857,804
1,changed,183,9777,9738,742
1,changed,184,8080,7530,696
1,changed,185,5966,5920,656
1,changed,186,4577,4535,625
1,changed,187,3597,3543,584
1,changed,188,2946,2883,553
1,changed,189,2621,2562,526
1,changed,190,2490,2373,510
1,changed,191,2253,2214,501
1,changed,192,2215,2143,488
1,changed,193,1996,1923,498
1,changed,194,1900,1846,504
1,changed,195,1956,1861,496
1,changed,196,1910,1842,480
1,changed,197,1926,1701,469
1,changed,198,1774,1694,477
1,changed,199,1799,1752,469
1,changed,200,1688,1620,461
1,changed,201,1582,1528,454
1,changed,202,1511,1465,447
1,changed,203,1573,1529,440
1,changed,204,1613,1410,431
1,changed,205,1510,1420,423
1,changed,206,1628,1526,404
1,changed,207,1524,1478,401
1,changed,208,1565,1486,419
1,changed,209,1418,1330,420
1,changed,210,1594,1437,416
1,changed,211,1502,1441,406
1,changed,212,1698,1626,410
1,changed,213,1664,1596,411
1,changed,214,1509,1423,406
1,changed,215,1674,1608,401
1,changed,216,1556,1499,389
1,changed,217,1638,1411,379
1,changed,218,1565,1493,377
1,changed,219,1422,1313,374
1,changed,220,1488,1424,374
1,changed,221,1268,1217,366
1,changed,222,1359,1302,363
1,changed,223,1427,1362,357
1,changed,224,1506,1332,355
1,changed,225,1428,1300,357
1,changed,226,1376,1275,363
1,changed,227,1343,1289,367
1,changed,228,1334,1237,355
1,changed,229,1401,1291,350
1,changed,230,1633,1317,345
1,changed,231,1319,1211,345
1,changed,232,1470,1372,340
1,changed,233,1303,1243,339
1,changed,234,2000,1931,331
1,changed,235,1394,1325,331
1,changed,236,1809,1406,325
1,changed,237,1524,1453,314
1,changed,238,1352,1299,294
1,changed,239,1313,1197,290
2,baseline,0,6938,661,508
2,baseline,1,16339,16268,487
2,baseline,2,12440,12379,455
2,baseline,3,10421,10373,412
2,baseline,4,7659,7591,359
2,baseline,5,5601,5535,314
2,baseline,6,4323,4266,274
2,baseline,7,2958,2888,248
2,baseline,8,2833,2762,242
2,baseline,9,2032,1968,256
2,baseline,10,1798,1723,271
2,baseline,11,1636,1572,361
2,baseline,12,1466,1414,372
2,baseline,13,1605,1558,383
2,baseline,14,1428,1371,391
2,baseline,15,1228,1121,390
2,baseline,16,1262,1197,390
2,baseline,17,1193,1074,393
2,baseline,18,1140,1090,413
2,baseline,19,1098,1029,419
2,baseline,20,1126,1068,429
2,baseline,21,1152,1046,425
2,baseline,22,1097,1033,432
2,baseline,23,1069,1015,451
2,baseline,24,1265,1203,448
2,baseline,25,1081,1013,449
2,baseline,26,1350,1270,443
2,baseline,27,1036,969,433
2,baseline,28,1078,1014,434
2,baseline,29,1057,978,424
2,baseline,30,1007,940,416
2,baseline,31,1036,951,409
2,baseline,32,1064,1000,401
2,baseline,33,946,871,392
2,baseline,34,1124,981,385
2,baseline,35,961,903,374
2,baseline,36,986,925,374
2,baseline,37,1040,960,367
2,baseline,38,972,919,362
2,baseline,39,1136,1028,352
2,baseline,40,1188,949,342
2,baseline,41,945,884,309
2,baseline,42,1142,1049,283
2,baseline,43,998,929,274
2,baseline,44,962,886,267
2,baseline,45,926,864,267
2,baseline,46,825,769,259
2,baseline,47,1048,931,251
2,baseline,48,1295,1224,240
2,baseline,49,908,836,235
2,baseline,50,841,770,237
2,baseline,51,921,857,245
2,baseline,52,1058,998,239
2,baseline,53,948,889,229
2,baseline,54,1003,845,221
2,baseline,55,972,917,213
2,baseline,56,880,811,203
2,baseline,57,899,829,200
2,baseline,58,955,887,193
2,baseline,59,843,747,190
2,baseline,60,6933,903,696
2,baseline,61,17974,17673,666
2,baseline,62,12539,12485,630
2,baseline,63,10749,10699,580
2,baseline,64,8746,8670,528
2,baseline,65,6198,6089,506
2,baseline,66,4872,4770,489
2,baseline,67,4474,4260,459
2,baseline,68,3399,3308,420
2,baseline,69,2865,2786,397
2,baseline,70,2380,2325,400
2,baseline,71,2106,2042,454
2,baseline,72,1983,1926,468
2,baseline,73,1975,1849,473
2,baseline,74,1980,1924,475
2,baseline,75,1687,1617,486
2,baseline,76,1678,1616,480
2,baseline,77,1570,1514,473
2,baseline,78,1442,1389,470
2,baseline,79,1486,1438,483
2,baseline,80,1798,1615,481
2,baseline,81,1569,1510,490
2,baseline,82,1572,1512,532
2,baseline,83,1653,1594,566
2,baseline,84,1473,1417,587
2,baseline,85,1431,1357,587
2,baseline,86,1580,1369,583
2,baseline,87,1396,1338,572
2,baseline,88,1456,1398,568
2,baseline,89,1454,1357,565
2,baseline,90,1610,1520,554
2,baseline,91,1395,1328,547
2,baseline,92,1283,1193,547
2,baseline,93,1459,1282,533
2,baseline,94,1295,1198,530
2,baseline,95,1326,1272,564
2,baseline,96,1380,1326,582
2,baseline,97,1354,1238,561
2,baseline,98,1190,1140,545
2,baseline,99,1410,1187,537
2,baseline,100,1424,1349,539
2,baseline,101,1347,1265,534
2,baseline,102,1301,1252,533
2,baseline,103,1265,1173,524
2,baseline,104,1247,1165,505
2,baseline,105,1329,1181,488
2,baseline,106,1248,1177,483
2,baseline,107,1343,1276,482
2,baseline,108,1157,1080,472
2,baseline,109,1206,1133,447
2,baseline,110,1184,1096,434
2,baseline,111,1649,1114,420
2,baseline,112,1253,1051,406
2,baseline,113,1217,1091,386
2,baseline,114,1156,1051,369
2,baseline,115,1197,1141,358
2,baseline,116,1128,1036,347
2,baseline,117,1099,1050,342
2,baseline,118,1206,977,333
2,baseline,119,1093,944,332
2,baseline,120,7066,1119,840
2,baseline,121,17905,17795,811
2,baseline,122,12963,12911,772
2,baseline,123,10418,10356,720
2,baseline,124,8160,7983,655
2,baseline,125,6023,5971,614
2,baseline,126,5130,5083,581
2,baseline,127,3917,3864,579
2,baseline,128,3377,3318,529
2,baseline,129,2721,2659,514
2,baseline,130,2642,2575,514
2,baseline,131,2444,2269,509
2,baseline,132,2254,2201,507
2,baseline,133,2089,2040,504
2,baseline,134,1990,1919,497
2,baseline,135,2138,2076,511
2,baseline,136,1956,1893,537
2,baseline,137,2096,1978,548
2,baseline,138,1943,1857,552
2,baseline,139,2044,1991,565
2,baseline,140,1984,1930,560
2,baseline,141,1887,1839,552
2,baseline,142,1882,1806,557
2,baseline,143,1805,1747,572
2,baseline,144,1878,1660,582
2,baseline,145,1765,1701,586
2,baseline,146,1801,1730,588
2,baseline,147,1623,1561,579
2,baseline,148,1687,1616,590
2,baseline,149,1651,1600,580
2,baseline,150,1697,1644,571
2,baseline,151,1803,1603,565
2,baseline,152,1739,1640,570
2,baseline,153,1602,1547,572
2,baseline,154,1564,1488,561
2,baseline,155,1559,1494,566
2,baseline,156,1553,1501,565
2,baseline,157,1629,1464,550
2,baseline,158,1500,1453,554
2,baseline,159,1543,1481,551
2,baseline,160,1556,1505,540
2,baseline,161,1493,1435,538
2,baseline,162,1465,1412,539
2,baseline,163,1607,1548,532
2,baseline,164,1690,1446,524
2,baseline,165,1540,1458,513
2,baseline,166,1551,1452,492
2,baseline,167,1404,1354,478
2,baseline,168,1474,1370,478
2,baseline,169,1483,1374,462
2,baseline,170,1415,1359,449
2,baseline,171,1454,1251,447
2,baseline,172,1355,1289,446
2,baseline,173,1446,1349,434
2,baseline,174,1336,1239,424
2,baseline,175,1406,1302,435
2,baseline,176,1428,1373,430
2,baseline,177,1415,1186,444
2,baseline,178,1419,1342,440
2,baseline,179,1296,1169,438
2,baseline,180,7167,1415,883
2,baseline,181,17032,16979,860
2,baseline,182,12401,12359,804
2,baseline,183,10157,9967,742
2,baseline,184,8230,7793,696
2,baseline,185,6091,6022,656
2,baseline,186,4966,4904,625
2,baseline,187,3554,3501,584
2,baseline,188,2869,2784,553
2,baseline,189,2759,2714,526
2,baseline,190,2770,2565,510
2,baseline,191,2390,2344,501
2,baseline,192,2136,2078,488
2,baseline,193,2027,1985,498
2,baseline,194,1960,1870,504
2,baseline,195,1937,1874,496
2,baseline,196,1884,1802,480
2,baseline,197,1955,1709,469
2,baseline,198,1747,1704,477
2,baseline,199,1690,1636,469
2,baseline,200,1756,1702,461
2,baseline,201,1622,1568,454
2,baseline,202,1539,1484,447
2,baseline,203,1719,1520,440
2,baseline,204,1598,1493,431
2,baseline,205,1586,1531,423
2,baseline,206,1610,1522,404
2,baseline,207,1488,1377,401
2,baseline,208,1545,1487,419
2,baseline,209,1432,1337,420
2,baseline,210,1603,1483,416
2,baseline,211,1463,1392,406
2,baseline,212,1466,1414,410
2,baseline,213,1351,1294,411
2,baseline,214,1455,1395,406
2,baseline,215,1490,1379,401
2,baseline,216,1426,1339,389
2,baseline,217,1444,1248,379
2,baseline,218,1422,1375,377
2,baseline,219,1240,1182,374
2,baseline,220,1264,1216,374
2,baseline,221,1352,1240,366
2,baseline,222,1296,1225,363
2,baseline,223,1452,1359,357
2,baseline,224,1406,1266,355
2,baseline,225,1273,1213,357
2,baseline,226,1332,1273,363
2,baseline,227,1266,1195,367
2,baseline,228,1288,1235,355
2,baseline,229,1336,1274,350
2,baseline,230,1269,1219,345
2,baseline,231,1340,1124,345
2,baseline,232,1256,1151,340
2,baseline,233,1215,1155,339
2,baseline,234,1150,1091,331
2,baseline,235,1212,1129,331
2,baseline,236,1231,1178,325
2,baseline,237,1244,1141,314
2,baseline,238,1351,1090,294
2,baseline,239,1237,1107,290
2,changed,0,7208,608,508
2,changed,1,15786,15709,487
2,changed,2,12156,12070,455
2,changed,3,10302,10251,412
2,changed,4,7664,7616,359
2,changed,5,5316,5260,314
2,changed,6,4201,4128,274
2,changed,7,2993,2944,248
2,changed,8,2630,2567,242
2,changed,9,1969,1900,256
2,changed,10,1760,1688,271
2,changed,11,1671,1595,361
2,changed,12,1503,1428,372
2,changed,13,1389,1327,383
2,changed,14,1370,1311,391
2,changed,15,1270,1155,390
2,changed,16,1176,1130,390
2,changed,17,1130,1073,393
2,changed,18,1224,1153,413
2,changed,19,1100,1054,419
2,changed,20,1092,1037,429
2,changed,21,1119,1057,425
2,changed,22,1117,1053,432
2,changed,23,1057,980,451
2,changed,24,1016,970,448
2,changed,25,1030,975,449
2,changed,26,1128,1021,443
2,changed,27,1013,950,433
2,changed,28,1035,970,434
2,changed,29,1021,917,424
2,changed,30,1023,924,416
2,changed,31,981,934,409
2,changed,32,967,903,401
2,changed,33,981,884,392
2,changed,34,990,883,385
2,changed,35,1017,886,374
2,changed,36,1082,995,374
2,changed,37,898,833,367
2,changed,38,917,862,362
2,changed,39,953,885,352
2,changed,40,911,859,342
2,changed,41,925,858,309
2,changed,42,1062,955,283
2,changed,43,914,854,274
2,changed,44,977,875,267
2,changed,45,866,779,267
2,changed,46,981,887,259
2,changed,47,937,859,251
2,changed,48,845,772,240
2,changed,49,815,726,235
2,changed,50,953,887,237
2,changed,51,906,828,245
2,changed,52,987,922,239
2,changed,53,989,921,229
2,changed,54,969,904,221
2,changed,55,813,763,213
2,changed,56,1079,868,203
2,changed,57,832,771,200
2,changed,58,849,762,193
2,changed,59,873,707,190
2,changed,60,7018,897,696
2,changed,61,17213,17156,666
2,changed,62,12508,12442,630
2,changed,63,10622,10459,580
2,changed,64,8486,8405,528
2,changed,65,5941,5860,506
2,changed,66,4708,4627,489
2,changed,67,4163,4105,459
2,changed,68,3157,3099,420
2,changed,69,2549,2495,397
2,changed,70,2542,2296,400
2,changed,71,2171,2121,454
2,changed,72,2142,2074,468
2,changed,73,1898,1815,473
2,changed,74,1813,1719,475
2,changed,75,1637,1579,486
2,changed,76,1953,1890,480
2,changed,77,1705,1558,473
2,changed,78,1525,1443,470
2,changed,79,1570,1489,483
2,changed,80,1701,1605,481
2,changed,81,1721,1655,490
2,changed,82,1513,1462,532
2,changed,83,1591,1517,566
2,changed,84,1424,1292,587
2,changed,85,1392,1321,587
2,changed,86,1536,1478,583
2,changed,87,1420,1366,572
2,changed,88,1461,1398,568
2,changed,89,1283,1224,565
2,changed,90,1418,1303,554
2,changed,91,1329,1260,547
2,changed,92,1301,1254,547
2,changed,93,1324,1265,533
2,changed,94,1349,1291,530
2,changed,95,1421,1333,564
2,changed,96,1348,1284,582
2,changed,97,1517,1284,561
2,changed,98,1261,1179,545
2,changed,99,1330,1265,537
2,changed,100,1301,1242,539
2,changed,101,1307,1232,534
2,changed,102,1255,1167,533
2,changed,103,1242,1109,524
2,changed,104,1302,1088,505
2,changed,105,1258,1152,488
2,changed,106,1318,1261,483
2,changed,107,1161,1076,482
2,changed,108,1258,1178,472
2,changed,109,1135,1086,447
2,changed,110,1102,1044,434
2,changed,111,1684,1073,420
2,changed,112,1132,1044,406
2,changed,113,1233,1149,386
2,changed,114,1110,1016,369
2,changed,115,1133,1059,358
2,changed,116,1044,980,347
2,changed,117,1126,1063,342
2,changed,118,1107,956,333
2,changed,119,1134,985,332
2,changed,120,6925,1123,840
2,changed,121,16941,16887,811
2,changed,122,12388,12341,772
2,changed,123,10403,10289,720
2,changed,124,7893,7663,655
2,changed,125,6002,5935,614
2,changed,126,5067,5009,581
2,changed,127,3974,3906,579
2,changed,128,3211,3127,529
2,changed,129,2764,2700,514
2,changed,130,2794,2604,514
2,changed,131,2362,2276,509
2,changed,132,2311,2269,507
2,changed,133,2205,2147,504
2,changed,134,2070,2002,497
2,changed,135,2036,1936,511
2,changed,136,2100,1979,537
2,changed,137,2153,1911,548
2,changed,138,1897,1795,552
2,changed,139,1915,1811,565
2,changed,140,1981,1881,560
2,changed,141,1881,1780,552
2,changed,142,1821,1723,557
2,changed,143,1827,1770,572
2,changed,144,1970,1681,582
2,changed,145,1711,1615,586
2,changed,146,1805,1702,588
2,changed,147,1753,1690,579
2,changed,148,1641,1540,590
2,changed,149,1710,1618,580
2,changed,150,1716,1607,571
2,changed,151,1803,1553,565
2,changed,152,1540,1491,570
2,changed,153,1676,1621,572
2,changed,154,1597,1551,561
2,changed,155,1526,1450,566
2,changed,156,1516,1471,565
2,changed,157,1920,1685,550
2,changed,158,1523,1466,554
2,changed,159,1465,1366,551
2,changed,160,1472,1379,540
2,changed,161,1447,1370,538
2,changed,162,1465,1362,539
2,changed,163,1467,1372,532
2,changed,164,1493,1306,524
2,changed,165,1453,1396,513
2,changed,166,1422,1325,492
2,changed,167,1390,1343,478
2,changed,168,1404,1353,478
2,changed,169,1343,1280,462
2,changed,170,1449,1246,449
2,changed,171,1317,1260,447
2,changed,172,1389,1323,446
2,changed,173,1357,1299,434
2,changed,174,1289,1233,424
2,changed,175,1340,1229,435
2,changed,176,1376,1320,430
2,changed,177,1410,1168,444
2,changed,178,1332,1253,440
2,changed,179,1311,1163,438
2,changed,180,6894,1351,883
2,changed,181,17064,17006,860
2,changed,182,12332,12285,804
2,changed,183,9940,9791,742
2,changed,184,8300,7842,696
2,changed,185,5897,5838,656
2,changed,186,4602,4541,625
2,changed,187,3672,3607,584
2,changed,188,3097,3027,553
2,changed,189,2717,2647,526
2,changed,190,2663,2524,510
2,changed,191,2445,2396,501
2,changed,192,2216,2167,488
2,changed,193,1993,1936,498
2,changed,194,1931,1882,504
2,changed,195,2055,1986,496
2,changed,196,1927,1876,480
2,changed,197,1941,1762,469
2,changed,198,1757,1699,477
2,changed,199,1662,1620,469
2,changed,200,1678,1605,461
2,changed,201,1706,1642,454
2,changed,202,1557,1513,447
2,changed,203,1688,1503,440
2,changed,204,1594,1532,431
2,changed,205,1455,1400,423
2,changed,206,1494,1435,404
2,changed,207,1487,1424,401
2,changed,208,1602,1549,419
2,changed,209,1608,1482,420
2,changed,210,1454,1401,416
2,changed,211,1439,1371,406
2,changed,212,1460,1397,410
2,changed,213,1399,1337,411
2,changed,214,1473,1408,406
2,changed,215,1422,1360,401
2,changed,216,1516,1319,389
2,changed,217,1297,1239,379
2,changed,218,1314,1250,377
2,changed,219,1293,1230,374
2,changed,220,1338,1285,374
2,changed,221,1313,1257,366
2,changed,222,1317,1266,363
2,changed,223,1395,1211,357
2,changed,224,1370,1307,355
2,changed,225,1303,1241,357
2,changed,226,1272,1201,363
2,changed,227,1271,1209,367
2,changed,228,1385,1308,355
2,changed,229,1340,1132,350
2,changed,230,1251,1189,345
2,changed,231,1265,1193,345
2,changed,232,1182,1133,340
2,changed,233,1213,1141,339
2,changed,234,1193,1136,331
2,changed,235,1162,1099,331
2,changed,236,1327,1138,325
2,changed,237,1222,1159,314
2,changed,238,1228,1166,294
2,changed,239,1166,1053,290
3,baseline,0,7130,618,508
3,baseline,1,16108,16030,487
3,baseline,2,13020,12960,455
3,baseline,3,12082,11974,412
3,baseline,4,8446,8368,359
3,baseline,5,5808,5727,314
3,baseline,6,4760,4691,274
3,baseline,7,3284,3209,248
3,baseline,8,2939,2876,242
3,baseline,9,2056,2000,256
3,baseline,10,1811,1755,271
3,baseline,11,1835,1746,361
3,baseline,12,1491,1436,372
3,baseline,13,1481,1419,383
3,baseline,14,1383,1310,391
3,baseline,15,1411,1333,390
3,baseline,16,1306,1172,390
3,baseline,17,1291,1226,393
3,baseline,18,1238,1147,413
3,baseline,19,1326,1257,419
3,baseline,20,1227,1172,429
3,baseline,21,1272,1185,425
3,baseline,22,1254,1200,432
3,baseline,23,1311,1212,451
3,baseline,24,1214,1143,448
3,baseline,25,1207,1139,449
3,baseline,26,1159,1098,443
3,baseline,27,1041,979,433
3,baseline,28,1148,1056,434
3,baseline,29,1119,1038,424
3,baseline,30,1062,993,416
3,baseline,31,1095,985,409
3,baseline,32,999,948,401
3,baseline,33,1072,985,392
3,baseline,34,1053,981,385
3,baseline,35,967,912,374
3,baseline,36,1106,906,374
3,baseline,37,1229,1161,367
3,baseline,38,1014,957,362
3,baseline,39,1047,980,352
3,baseline,40,1102,1002,342
3,baseline,41,963,906,309
3,baseline,42,1084,892,283
3,baseline,43,993,937,274
3,baseline,44,931,879,267
3,baseline,45,986,908,267
3,baseline,46,917,840,259
3,baseline,47,935,882,251
3,baseline,48,949,891,240
3,baseline,49,1223,1026,235
3,baseline,50,1113,1051,237
3,baseline,51,948,886,245
3,baseline,52,914,850,239
3,baseline,53,917,833,229
3,baseline,54,914,813,221
3,baseline,55,1069,819,213
3,baseline,56,824,767,203
3,baseline,57,978,918,200
3,baseline,58,996,946,193
3,baseline,59,911,783,190
3,baseline,60,6925,925,696
3,baseline,61,17450,17376,666
3,baseline,62,12681,12520,630
3,baseline,63,10666,10616,580
3,baseline,64,8726,8662,528
3,baseline,65,6095,6046,506
3,baseline,66,4823,4771,489
3,baseline,67,4027,3980,459
3,baseline,68,3267,3100,420
3,baseline,69,2597,2540,397
3,baseline,70,2289,2222,400
3,baseline,71,2070,2018,454
3,baseline,72,2181,2094,468
3,baseline,73,1907,1847,473
3,baseline,74,1866,1736,475
3,baseline,75,1794,1674,486
3,baseline,76,1644,1562,480
3,baseline,77,1580,1522,473
3,baseline,78,1568,1507,470
3,baseline,79,1521,1441,483
3,baseline,80,1512,1449,481
3,baseline,81,1550,1387,490
3,baseline,82,1497,1437,532
3,baseline,83,1557,1486,566
3,baseline,84,1464,1376,587
3,baseline,85,1401,1321,587
3,baseline,86,1462,1369,583
3,baseline,87,1344,1266,572
3,baseline,88,1420,1220,568
3,baseline,89,1458,1359,565
3,baseline,90,1368,1263,554
3,baseline,91,1488,1401,547
3,baseline,92,1332,1246,547
3,baseline,93,1403,1337,533
3,baseline,94,1307,1209,530
3,baseline,95,1455,1267,564
3,baseline,96,1387,1293,582
3,baseline,97,1273,1196,561
3,baseline,98,1284,1221,545
3,baseline,99,1364,1290,537
3,baseline,100,1336,1220,539
3,baseline,101,1425,1189,534
3,baseline,102,1342,1233,533
3,baseline,103,1233,1166,524
3,baseline,104,1236,1156,505
3,baseline,105,1253,1169,488
3,baseline,106,1406,1332,483
3,baseline,107,1729,1102,482
3,baseline,108,1289,1202,472
3,baseline,109,1188,1110,447
3,baseline,110,1171,1085,434
3,baseline,111,1258,1201,420
3,baseline,112,1274,1222,406
3,baseline,113,1279,1068,386
3,baseline,114,1235,1162,369
3,baseline,115,1242,1175,358
3,baseline,116,1107,1045,347
3,baseline,117,1104,1023,342
3,baseline,118,1071,990,333
3,baseline,119,1174,1048,332
3,baseline,120,6981,1160,840
3,baseline,121,17770,17717,811
3,baseline,122,13019,12976,772
3,baseline,123,10832,10778,720
3,baseline,124,8169,8118,655
3,baseline,125,6396,6335,614
3,baseline,126,5380,5171,581
3,baseline,127,4134,4078,579
3,baseline,128,3184,3122,529
3,baseline,129,3008,2941,514
3,baseline,130,2630,2578,514
3,baseline,131,2394,2338,509
3,baseline,132,2299,2245,507
3,baseline,133,2237,2065,504
3,baseline,134,2044,1991,497
3,baseline,135,2042,1982,511
3,baseline,136,2016,1954,537
3,baseline,137,1953,1892,548
3,baseline,138,1970,1903,552
3,baseline,139,2142,2023,565
3,baseline,140,1901,1831,560
3,baseline,141,1851,1793,552
3,baseline,142,1833,1772,557
3,baseline,143,1948,1885,572
3,baseline,144,1735,1681,582
3,baseline,145,1781,1717,586
3,baseline,146,1955,1727,588
3,baseline,147,1632,1571,579
3,baseline,148,1681,1601,590
3,baseline,149,1700,1645,580
3,baseline,150,1660,1589,571
3,baseline,151,1633,1569,565
3,baseline,152,1775,1577,570
3,baseline,153,1705,1636,572
3,baseline,154,1612,1559,561
3,baseline,155,1594,1536,566
3,baseline,156,1622,1555,565
3,baseline,157,1500,1443,550
3,baseline,158,1640,1479,554
3,baseline,159,1517,1453,551
3,baseline,160,1446,1390,540
3,baseline,161,1492,1423,538
3,baseline,162,1433,1381,539
3,baseline,163,1509,1446,532
3,baseline,164,1414,1349,524
3,baseline,165,1571,1342,513
3,baseline,166,1403,1345,492
3,baseline,167,1334,1272,478
3,baseline,168,1353,1290,478
3,baseline,169,1409,1350,462
3,baseline,170,1390,1322,449
3,baseline,171,1634,1425,447
3,baseline,172,1450,1380,446
3,baseline,173,1459,1391,434
3,baseline,174,1385,1320,424
3,baseline,175,1470,1415,435
3,baseline,176,1338,1284,430
3,baseline,177,1429,1372,444
3,baseline,178,1710,1434,440
3,baseline,179,1273,1151,438
3,baseline,180,7140,1341,883
3,baseline,181,17232,17168,860
3,baseline,182,13002,12957,804
3,baseline,183,10170,10119,742
3,baseline,184,8285,8123,696
3,baseline,185,6305,6246,656
3,baseline,186,4751,4666,625
3,baseline,187,3799,3727,584
3,baseline,188,2984,2921,553
3,baseline,189,2728,2661,526
3,baseline,190,2768,2677,510
3,baseline,191,2509,2367,501
3,baseline,192,2231,2154,488
3,baseline,193,2215,2156,498
3,baseline,194,2097,2037,504
3,baseline,195,2065,2009,496
3,baseline,196,1994,1943,480
3,baseline,197,1782,1736,469
3,baseline,198,1991,1769,477
3,baseline,199,1742,1694,469
3,baseline,200,1726,1637,461
3,baseline,201,1579,1523,454
3,baseline,202,1708,1621,447
3,baseline,203,1625,1524,440
3,baseline,204,1741,1493,431
3,baseline,205,1564,1464,423
3,baseline,206,1563,1486,404
3,baseline,207,1607,1494,401
3,baseline,208,1611,1506,419
3,baseline,209,1545,1437,420
3,baseline,210,1626,1500,416
3,baseline,211,1573,1457,406
3,baseline,212,1413,1327,410
3,baseline,213,1515,1430,411
3,baseline,214,1435,1334,406
3,baseline,215,1512,1408,401
3,baseline,216,1466,1391,389
3,baseline,217,1479,1254,379
3,baseline,218,1401,1346,377
3,baseline,219,1375,1278,374
3,baseline,220,1455,1345,374
3,baseline,221,1276,1206,366
3,baseline,222,1369,1282,363
3,baseline,223,1415,1275,357
3,baseline,224,1390,1330,355
3,baseline,225,1324,1248,357
3,baseline,226,1343,1256,363
3,baseline,227,1318,1238,367
3,baseline,228,1307,1209,355
3,baseline,229,1303,1195,350
3,baseline,230,1381,1147,345
3,baseline,231,1272,1220,345
3,baseline,232,1298,1205,340
3,baseline,233,1266,1163,339
3,baseline,234,1215,1104,331
3,baseline,235,1307,1254,331
3,baseline,236,1175,1075,325
3,baseline,237,1309,1073,314
3,baseline,238,1369,1305,294
3,baseline,239,1254,1094,290
3,changed,0,6660,544,508
3,changed,1,16264,16190,487
3,changed,2,11940,11883,455
3,changed,3,10371,10306,412
3,changed,4,7776,7724,359
3,changed,5,5609,5542,314
3,changed,6,4360,4304,274
3,changed,7,3219,3157,248
3,changed,8,2752,2682,242
3,changed,9,2036,1981,256
3,changed,10,1778,1723,271
3,changed,11,1677,1633,361
3,changed,12,1561,1505,372
3,changed,13,1439,1380,383
3,changed,14,1350,1301,391
3,changed,15,1420,1342,390
3,changed,16,1440,1319,390
3,changed,17,1276,1203,393
3,changed,18,1268,1214,413
3,changed,19,1322,1266,419
3,changed,20,1228,1136,429
3,changed,21,1136,1070,425
3,changed,22,1153,1099,432
3,changed,23,1159,1050,451
3,changed,24,1058,975,448
3,changed,25,1201,1101,449
3,changed,26,1084,1010,443
3,changed,27,1088,1012,433
3,changed,28,1074,989,434
3,changed,29,1019,926,424
3,changed,30,1125,951,416
3,changed,31,926,866,409
3,changed,32,1050,991,401
3,changed,33,1000,935,392
3,changed,34,990,928,385
3,changed,35,917,859,374
3,changed,36,951,880,374
3,changed,37,996,931,367
3,changed,38,896,835,362
3,changed,39,914,846,352
3,changed,40,938,884,342
3,changed,41,904,847,309
3,changed,42,963,903,283
3,changed,43,959,849,274
3,changed,44,933,876,267
3,changed,45,997,930,267
3,changed,46,896,841,259
3,changed,47,896,839,251
3,changed,48,872,817,240
3,changed,49,986,887,235
3,changed,50,921,863,237
3,changed,51,1029,966,245
3,changed,52,929,860,239
3,changed,53,1017,955,229
3,changed,54,936,881,221
3,changed,55,977,790,213
3,changed,56,999,941,203
3,changed,57,940,877,200
3,changed,58,883,818,193
3,changed,59,955,828,190
3,changed,60,6986,900,696
3,changed,61,17694,17640,666
3,changed,62,12846,12633,630
3,changed,63,10751,10682,580
3,changed,64,8702,8617,528
3,changed,65,6169,6098,506
3,changed,66,4956,4864,489
3,changed,67,4085,4011,459
3,changed,68,3275,3221,420
3,changed,69,2699,2494,397
3,changed,70,2292,2224,400
3,changed,71,2138,2049,454
3,changed,72,1939,1890,468
3,changed,73,1977,1912,473
3,changed,74,1971,1913,475
3,changed,75,1879,1758,486
3,changed,76,1665,1594,480
3,changed,77,1543,1492,473
3,changed,78,1496,1429,470
3,changed,79,1563,1473,483
3,changed,80,1604,1542,481
3,changed,81,1462,1391,490
3,changed,82,1639,1490,532
3,changed,83,1587,1509,566
3,changed,84,1470,1412,587
3,changed,85,1415,1362,587
3,changed,86,1367,1319,583
3,changed,87,1403,1354,572
3,changed,88,1382,1321,568
3,changed,89,1552,1310,565
3,changed,90,1354,1297,554
3,changed,91,1344,1258,547
3,changed,92,1274,1207,547
3,changed,93,1329,1226,533
3,changed,94,1269,1219,530
3,changed,95,1430,1258,564
3,changed,96,1306,1253,582
3,changed,97,1288,1207,561
3,changed,98,1365,1284,545
3,changed,99,1367,1299,537
3,changed,100,1275,1207,539
3,changed,101,1275,1223,534
3,changed,102,1496,1243,533
3,changed,103,1331,1269,524
3,changed,104,1369,1259,505
3,changed,105,1684,1207,488
3,changed,106,1265,1207,483
3,changed,107,1177,1123,482
3,changed,108,1444,1222,472
3,changed,109,1223,1141,447
3,changed,110,1199,1125,434
3,changed,111,1123,1062,420
3,changed,112,1144,1095,406
3,changed,113,1171,1081,386
3,changed,114,1295,1109,369
3,changed,115,1166,1067,358
3,changed,116,1162,1072,347
3,changed,117,1189,1122,342
3,changed,118,1119,1057,333
3,changed,119,1121,983,332
3,changed,120,6913,1095,840
3,changed,121,17538,17351,811
3,changed,122,12882,12814,772
3,changed,123,10096,10045,720
3,changed,124,7793,7740,655
3,changed,125,6113,6062,614
3,changed,126,5066,5016,581
3,changed,127,4148,3983,579
3,changed,128,3305,3218,529
3,changed,129,2938,2837,514
3,changed,130,2900,2837,514
3,changed,131,2514,2427,509
3,changed,132,2607,2535,507
3,changed,133,2352,2124,504
3,changed,134,2041,1981,497
3,changed,135,2080,1990,511
3,changed,136,1974,1874,537
3,changed,137,1964,1907,548
3,changed,138,2072,2024,552
3,changed,139,1977,1895,565
3,changed,140,1972,1812,560
3,changed,141,1966,1885,552
3,changed,142,1806,1702,557
3,changed,143,1829,1726,572
3,changed,144,1828,1709,582
3,changed,145,1874,1814,586
3,changed,146,1922,1717,588
3,changed,147,1609,1559,579
3,changed,148,1753,1642,590
3,changed,149,1675,1577,580
3,changed,150,1705,1655,571
3,changed,151,1567,1522,565
3,changed,152,1643,1545,570
3,changed,153,1674,1432,572
3,changed,154,1570,1472,561
3,changed,155,1557,1507,566
3,changed,156,1585,1534,565
3,changed,157,1468,1417,550
3,changed,158,1583,1484,554
3,changed,159,1544,1432,551
3,changed,160,1579,1387,540
3,changed,161,1385,1344,538
3,changed,162,1400,1304,539
3,changed,163,1398,1338,532
3,changed,164,1395,1331,524
3,changed,165,1418,1319,513
3,changed,166,1443,1398,492
3,changed,167,1479,1234,478
3,changed,168,1338,1254,478
3,changed,169,1557,1507,462
3,changed,170,1448,1374,449
3,changed,171,1329,1244,447
3,changed,172,1333,1280,446
3,changed,173,1357,1191,434
3,changed,174,1284,1208,424
3,changed,175,1385,1295,435
3,changed,176,1283,1233,430
3,changed,177,1304,1220,444
3,changed,178,1674,1165,440
3,changed,179,1304,1178,438
3,changed,180,6818,1344,883
3,changed,181,16948,16864,860
3,changed,182,12456,12420,804
3,changed,183,10103,10043,742
3,changed,184,7729,7680,696
3,changed,185,6099,6029,656
3,changed,186,4702,4584,625
3,changed,187,3623,3567,584
3,changed,188,2860,2798,553
3,changed,189,2605,2547,526
3,changed,190,2702,2638,510
3,changed,191,2462,2399,501
3,changed,192,2240,2174,488
3,changed,193,2284,2063,498
3,changed,194,1978,1933,504
3,changed,195,1891,1839,496
3,changed,196,1848,1807,480
3,changed,197,1774,1710,469
3,changed,198,1897,1840,477
3,changed,199,1610,1552,469
3,changed,200,1802,1590,461
3,changed,201,1551,1477,454
3,changed,202,1544,1492,447
3,changed,203,1576,1520,440
3,changed,204,1565,1514,431
3,changed,205,1458,1390,423
3,changed,206,1636,1470,404
3,changed,207,1481,1417,401
3,changed,208,1598,1535,419
3,changed,209,2059,1964,420
3,changed,210,1674,1604,416
3,changed,211,1721,1637,406
3,changed,212,2021,1655,410
3,changed,213,1653,1568,411
3,changed,214,1523,1457,406
3,changed,215,1410,1347,401
3,changed,216,1476,1406,389
3,changed,217,1433,1379,379
3,changed,218,1408,1343,377
3,changed,219,1379,1204,374
3,changed,220,1459,1375,374
3,changed,221,1325,1259,366
3,changed,222,1392,1333,363
3,changed,223,1301,1243,357
3,changed,224,1381,1320,355
3,changed,225,1346,1264,357
3,changed,226,1510,1296,363
3,changed,227,1299,1226,367
3,changed,228,1354,1290,355
3,changed,229,1470,1387,350
3,changed,230,1352,1237,345
3,changed,231,1261,1207,345
3,changed,232,1326,1253,340
3,changed,233,1394,1143,339
3,changed,234,1325,1246,331
3,changed,235,1230,1158,331
3,changed,236,1293,1218,325
3,changed,237,1176,1113,314
3,changed,238,1282,1210,294
3,changed,239,1261,1149,290
