scenario,run,variant,tick,sim_us,movable_us,particles,travel_us,color_us,clear_us,gridwait_us
collidable,1,baseline,0,26865,978,2108,1,597,150,0
collidable,1,baseline,1,120644,120592,2084,119335,481,4,0
collidable,1,baseline,2,95606,95557,1849,94363,466,3,0
collidable,1,baseline,3,73955,73908,1463,72629,400,5,0
collidable,1,baseline,4,48066,48009,1116,46931,343,7,0
collidable,1,baseline,5,31808,31764,892,30853,276,6,0
collidable,1,baseline,6,21034,20982,717,20267,219,5,0
collidable,1,baseline,7,14308,14265,624,13604,180,13,0
collidable,1,baseline,8,9799,9745,487,9247,163,7,0
collidable,1,baseline,9,5983,5932,388,5534,131,3,1
collidable,1,baseline,10,4247,4192,359,3892,119,3,1
collidable,1,baseline,11,3132,3069,405,2789,99,7,0
collidable,1,baseline,12,2487,2426,452,2096,96,7,0
collidable,1,baseline,13,1892,1839,472,1595,87,4,1
collidable,1,baseline,14,1816,1702,517,1494,88,5,1
collidable,1,baseline,15,1718,1663,524,1393,85,6,0
collidable,1,baseline,16,1586,1540,534,1316,89,5,1
collidable,1,baseline,17,1663,1584,549,1297,80,6,0
collidable,1,baseline,18,1500,1440,558,1208,79,6,1
collidable,1,baseline,19,1521,1418,608,1190,76,3,1
collidable,1,baseline,20,1526,1358,615,1152,76,4,0
collidable,1,baseline,21,1497,1410,599,1123,75,15,1
collidable,1,baseline,22,1431,1357,591,1129,77,4,0
collidable,1,baseline,23,1334,1287,581,1036,72,9,0
collidable,1,baseline,24,1432,1337,572,1005,68,16,0
collidable,1,baseline,25,1367,1277,561,1009,74,7,1
collidable,1,baseline,26,1404,1259,594,1009,73,4,0
collidable,1,baseline,27,1255,1190,584,983,65,5,0
collidable,1,baseline,28,1238,1184,574,958,78,5,0
collidable,1,baseline,29,1262,1202,565,916,66,4,1
collidable,1,baseline,30,1171,1098,555,895,68,4,1
collidable,1,baseline,31,1190,1102,550,856,69,3,0
collidable,1,baseline,32,1148,1071,536,823,68,5,1
collidable,1,baseline,33,1141,1068,527,845,70,6,0
collidable,1,baseline,34,1196,1155,515,892,63,4,0
collidable,1,baseline,35,1106,1026,506,832,65,4,0
collidable,1,baseline,36,1244,1179,526,871,61,4,0
collidable,1,baseline,37,1086,999,533,818,60,10,0
collidable,1,baseline,38,1107,1029,526,816,69,6,0
collidable,1,baseline,39,1105,936,514,710,57,4,0
collidable,1,baseline,40,1172,1109,524,867,67,17,0
collidable,1,baseline,41,1093,1042,495,765,65,8,0
collidable,1,baseline,42,1067,992,465,760,61,5,0
collidable,1,baseline,43,1006,932,450,722,56,6,0
collidable,1,baseline,44,1026,977,429,768,59,4,1
collidable,1,baseline,45,1099,938,415,751,65,7,0
collidable,1,baseline,46,984,941,397,767,58,3,0
collidable,1,baseline,47,976,924,386,754,61,8,0
collidable,1,baseline,48,997,894,370,704,56,4,1
collidable,1,baseline,49,965,892,352,698,53,4,0
collidable,1,baseline,50,931,844,344,681,58,4,0
collidable,1,baseline,51,940,841,336,661,55,5,1
collidable,1,baseline,52,980,811,331,644,59,6,1
collidable,1,baseline,53,891,844,320,645,52,4,0
collidable,1,baseline,54,909,863,310,661,47,5,1
collidable,1,baseline,55,893,794,309,594,52,12,1
collidable,1,baseline,56,905,814,292,585,47,5,0
collidable,1,baseline,57,846,796,286,616,54,4,0
collidable,1,baseline,58,830,730,281,565,48,9,1
collidable,1,baseline,59,996,713,268,554,47,4,1
collidable,1,baseline,60,27140,1353,2377,540,662,4,0
collidable,1,baseline,61,130192,130137,2351,128722,581,4,1
collidable,1,baseline,62,100301,100214,2120,98774,551,4,0
collidable,1,baseline,63,78221,78170,1713,76633,481,7,0
collidable,1,baseline,64,52578,52539,1362,51207,429,6,0
collidable,1,baseline,65,35627,35511,1123,34545,332,5,0
collidable,1,baseline,66,20273,20229,880,19397,235,3,0
collidable,1,baseline,67,12709,12651,755,11979,209,5,1
collidable,1,baseline,68,8807,8757,640,8255,173,5,1
collidable,1,baseline,69,5832,5789,611,5362,155,6,0
collidable,1,baseline,70,4409,4255,576,3807,158,4,0
collidable,1,baseline,71,3066,3016,566,2686,138,7,0
collidable,1,baseline,72,2613,2567,585,2288,136,4,0
collidable,1,baseline,73,2366,2317,593,2052,130,4,0
collidable,1,baseline,74,2252,2177,591,1911,119,6,0
collidable,1,baseline,75,2140,2067,589,1772,130,7,1
collidable,1,baseline,76,2239,2094,574,1742,126,7,0
collidable,1,baseline,77,2136,2031,563,1728,128,7,0
collidable,1,baseline,78,1977,1900,552,1609,134,7,1
collidable,1,baseline,79,1919,1879,545,1616,111,4,0
collidable,1,baseline,80,1986,1914,551,1582,132,5,1
collidable,1,baseline,81,1880,1796,548,1542,116,11,0
collidable,1,baseline,82,1824,1778,539,1489,111,9,0
collidable,1,baseline,83,1901,1807,528,1528,114,16,0
collidable,1,baseline,84,1690,1642,524,1415,99,4,0
collidable,1,baseline,85,1666,1558,519,1274,112,5,1
collidable,1,baseline,86,1741,1660,512,1327,104,4,0
collidable,1,baseline,87,1600,1512,497,1195,103,8,0
collidable,1,baseline,88,1537,1460,523,1191,101,4,1
collidable,1,baseline,89,1609,1429,519,1129,100,4,1
collidable,1,baseline,90,1523,1434,511,1168,108,5,0
collidable,1,baseline,91,1541,1495,505,1229,105,7,0
collidable,1,baseline,92,1408,1371,496,1137,91,6,0
collidable,1,baseline,93,1451,1367,488,1115,93,12,0
collidable,1,baseline,94,1436,1342,479,1074,83,6,1
collidable,1,baseline,95,1436,1345,469,1097,100,9,0
collidable,1,baseline,96,1460,1326,450,1016,96,4,0
collidable,1,baseline,97,1363,1320,441,1081,91,4,0
collidable,1,baseline,98,1342,1259,424,981,94,9,0
collidable,1,baseline,99,1301,1205,417,987,82,12,0
collidable,1,baseline,100,1341,1286,407,1037,91,9,3
collidable,1,baseline,101,1313,1230,396,955,87,7,0
collidable,1,baseline,102,1290,1249,370,961,90,5,0
collidable,1,baseline,103,1334,1132,353,907,81,4,0
collidable,1,baseline,104,1223,1125,345,906,76,10,0
collidable,1,baseline,105,1224,1126,335,886,85,4,0
collidable,1,baseline,106,1251,1161,326,907,85,4,0
collidable,1,baseline,107,1184,1108,322,879,74,13,1
collidable,1,baseline,108,1170,1086,312,868,82,8,0
collidable,1,baseline,109,1158,1102,318,854,66,6,0
collidable,1,baseline,110,1256,1054,323,833,78,4,0
collidable,1,baseline,111,1504,1006,336,817,76,3,1
collidable,1,baseline,112,1126,1070,332,865,78,5,0
collidable,1,baseline,113,1121,1026,318,795,73,8,1
collidable,1,baseline,114,1251,1210,311,940,69,7,0
collidable,1,baseline,115,1095,1046,311,855,72,6,0
collidable,1,baseline,116,1138,959,299,749,74,4,0
collidable,1,baseline,117,1080,985,296,769,61,8,0
collidable,1,baseline,118,1074,1008,285,758,63,21,0
collidable,1,baseline,119,1135,986,280,731,62,3,0
collidable,1,baseline,120,25723,1481,2386,694,652,4,0
collidable,1,baseline,121,119831,119776,2359,118456,545,4,0
collidable,1,baseline,122,93072,92954,2138,91750,503,4,0
collidable,1,baseline,123,74323,74286,1693,72918,451,4,0
collidable,1,baseline,124,47291,47200,1421,46040,430,13,0
collidable,1,baseline,125,33963,33912,1191,32863,338,5,0
collidable,1,baseline,126,22461,22429,967,21559,237,8,0
collidable,1,baseline,127,14779,14671,900,14082,218,12,0
collidable,1,baseline,128,10647,10617,750,9900,188,3,0
collidable,1,baseline,129,6597,6526,658,5916,197,8,0
collidable,1,baseline,130,4546,4487,619,4061,181,7,0
collidable,1,baseline,131,3330,3279,596,2880,154,8,1
collidable,1,baseline,132,2861,2789,584,2448,141,9,1
collidable,1,baseline,133,2508,2462,606,2087,153,4,1
collidable,1,baseline,134,2617,2372,648,2039,135,7,1
collidable,1,baseline,135,2369,2281,644,1965,157,7,2
collidable,1,baseline,136,2316,2248,633,1870,135,19,0
collidable,1,baseline,137,2100,2016,626,1704,130,12,1
collidable,1,baseline,138,2126,2051,620,1708,144,7,0
collidable,1,baseline,139,1966,1883,609,1586,118,4,0
collidable,1,baseline,140,1963,1821,593,1512,131,4,0
collidable,1,baseline,141,1884,1801,585,1501,127,4,1
collidable,1,baseline,142,1883,1830,574,1519,134,3,0
collidable,1,baseline,143,1818,1741,564,1455,116,4,0
collidable,1,baseline,144,1969,1893,553,1543,114,4,0
collidable,1,baseline,145,1846,1757,551,1453,122,6,0
collidable,1,baseline,146,1745,1651,538,1359,119,5,1
collidable,1,baseline,147,1807,1596,528,1350,108,4,0
collidable,1,baseline,148,1782,1710,526,1366,116,4,0
collidable,1,baseline,149,1736,1673,561,1373,105,5,0
collidable,1,baseline,150,1712,1611,567,1368,115,3,1
collidable,1,baseline,151,1766,1676,559,1363,119,7,0
collidable,1,baseline,152,1735,1635,549,1305,113,13,1
collidable,1,baseline,153,1752,1610,579,1246,106,4,0
collidable,1,baseline,154,1690,1606,572,1269,98,7,0
collidable,1,baseline,155,1586,1484,560,1216,108,11,2
collidable,1,baseline,156,1520,1420,547,1158,102,10,0
collidable,1,baseline,157,1679,1579,529,1198,105,6,1
collidable,1,baseline,158,1575,1477,520,1163,106,4,1
collidable,1,baseline,159,1575,1490,531,1183,94,4,0
collidable,1,baseline,160,1518,1372,517,1122,112,4,0
collidable,1,baseline,161,1501,1404,509,1149,101,4,1
collidable,1,baseline,162,1422,1360,505,1111,96,4,1
collidable,1,baseline,163,1455,1370,499,1098,107,4,1
collidable,1,baseline,164,1409,1324,485,1069,91,4,1
collidable,1,baseline,165,1440,1361,478,1084,102,4,0
collidable,1,baseline,166,1549,1476,473,1121,98,18,0
collidable,1,baseline,167,1492,1350,471,1051,100,4,0
collidable,1,baseline,168,1382,1311,471,1076,91,13,0
collidable,1,baseline,169,1394,1294,465,1055,92,6,0
collidable,1,baseline,170,1358,1269,460,1022,101,5,1
collidable,1,baseline,171,1398,1311,448,1037,96,11,0
collidable,1,baseline,172,1387,1317,433,1035,92,20,0
collidable,1,baseline,173,1379,1194,428,978,93,4,0
collidable,1,baseline,174,1389,1345,420,1075,87,6,0
collidable,1,baseline,175,1344,1256,407,983,106,7,0
collidable,1,baseline,176,1371,1281,394,1005,82,7,2
collidable,1,baseline,177,1302,1216,382,969,81,12,0
collidable,1,baseline,178,1268,1168,377,903,81,11,0
collidable,1,baseline,179,1346,1245,361,970,79,7,0
collidable,1,baseline,180,26093,1754,2428,837,615,7,0
collidable,1,baseline,181,122042,121981,2390,120522,574,8,1
collidable,1,baseline,182,91602,91523,2147,90166,536,4,0
collidable,1,baseline,183,70565,70509,1767,69137,489,7,0
collidable,1,baseline,184,54797,54308,1462,53080,463,4,1
collidable,1,baseline,185,34696,34657,1188,33522,335,5,0
collidable,1,baseline,186,24068,24031,987,23232,267,3,0
collidable,1,baseline,187,16435,16351,818,15649,208,4,0
collidable,1,baseline,188,10244,10203,656,9630,175,3,0
collidable,1,baseline,189,6290,6236,551,5784,164,4,0
collidable,1,baseline,190,4968,4912,537,4504,174,4,0
collidable,1,baseline,191,3501,3440,506,3062,148,7,0
collidable,1,baseline,192,3078,3000,505,2670,138,7,1
collidable,1,baseline,193,2791,2582,488,2255,136,4,1
collidable,1,baseline,194,2390,2323,486,2007,143,4,0
collidable,1,baseline,195,2278,2188,488,1849,139,8,0
collidable,1,baseline,196,2143,2098,481,1774,131,11,0
collidable,1,baseline,197,2043,1952,484,1686,134,4,0
collidable,1,baseline,198,2137,2051,483,1725,142,5,0
collidable,1,baseline,199,2106,1915,473,1608,111,4,0
collidable,1,baseline,200,2104,2037,502,1744,140,3,0
collidable,1,baseline,201,2010,1908,500,1604,121,9,0
collidable,1,baseline,202,1959,1863,493,1569,131,4,0
collidable,1,baseline,203,1954,1858,492,1520,121,7,0
collidable,1,baseline,204,1870,1772,506,1498,109,3,1
collidable,1,baseline,205,1921,1702,493,1425,130,4,0
collidable,1,baseline,206,1783,1692,482,1431,111,10,0
collidable,1,baseline,207,1799,1758,477,1467,115,3,0
collidable,1,baseline,208,1754,1697,465,1336,114,10,0
collidable,1,baseline,209,1715,1661,461,1412,104,5,0
collidable,1,baseline,210,1698,1609,457,1329,117,5,1
collidable,1,baseline,211,1697,1571,440,1299,114,4,0
collidable,1,baseline,212,1649,1603,435,1290,106,4,0
collidable,1,baseline,213,1572,1507,433,1274,108,4,0
collidable,1,baseline,214,1558,1506,435,1276,95,7,0
collidable,1,baseline,215,1558,1474,430,1211,111,5,1
collidable,1,baseline,216,1568,1523,422,1253,106,5,0
collidable,1,baseline,217,1557,1508,440,1262,100,4,0
collidable,1,baseline,218,1538,1429,438,1162,106,4,1
collidable,1,baseline,219,1587,1484,433,1240,94,4,0
collidable,1,baseline,220,1510,1425,419,1175,101,4,0
collidable,1,baseline,221,1452,1378,416,1146,98,4,0
collidable,1,baseline,222,1464,1380,414,1136,89,5,0
collidable,1,baseline,223,1533,1453,440,1159,93,6,0
collidable,1,baseline,224,1553,1363,451,1113,92,4,1
collidable,1,baseline,225,1418,1374,443,1123,98,9,0
collidable,1,baseline,226,1512,1416,438,1089,91,4,0
collidable,1,baseline,227,1352,1260,432,1050,97,4,0
collidable,1,baseline,228,1408,1365,427,1082,100,4,0
collidable,1,baseline,229,1345,1284,421,1063,78,11,0
collidable,1,baseline,230,1418,1306,411,1063,97,4,1
collidable,1,baseline,231,1448,1255,407,1016,96,3,0
collidable,1,baseline,232,1380,1289,401,1014,91,6,1
collidable,1,baseline,233,1228,1189,391,957,85,9,1
collidable,1,baseline,234,1343,1250,386,1005,85,4,1
collidable,1,baseline,235,1304,1205,377,971,88,6,1
collidable,1,baseline,236,1341,1299,366,1052,84,5,0
collidable,1,baseline,237,1371,1198,364,936,85,3,1
collidable,1,baseline,238,1333,1260,367,1009,100,6,1
collidable,1,baseline,239,1335,1192,362,930,79,4,1
collidable,1,changed,0,26971,887,2108,0,508,170,0
collidable,1,changed,1,117795,117747,2084,116567,394,4,0
collidable,1,changed,2,90542,90483,1849,89328,411,7,0
collidable,1,changed,3,68681,68624,1463,67409,352,7,0
collidable,1,changed,4,45063,45013,1116,43899,295,4,0
collidable,1,changed,5,29735,29691,892,28846,245,8,1
collidable,1,changed,6,19264,19216,717,18562,175,8,0
collidable,1,changed,7,13061,12997,624,12488,154,3,0
collidable,1,changed,8,8977,8924,487,8491,127,3,0
collidable,1,changed,9,5319,5269,388,4908,99,9,0
collidable,1,changed,10,3974,3922,359,3551,95,8,0
collidable,1,changed,11,2891,2847,405,2533,95,7,0
collidable,1,changed,12,2255,2202,452,1972,78,4,0
collidable,1,changed,13,1894,1851,472,1526,72,12,0
collidable,1,changed,14,1853,1709,517,1439,79,3,1
collidable,1,changed,15,1612,1534,524,1325,67,4,1
collidable,1,changed,16,1648,1600,534,1342,79,4,0
collidable,1,changed,17,1570,1465,549,1234,67,7,1
collidable,1,changed,18,1532,1471,558,1198,73,17,1
collidable,1,changed,19,1440,1365,608,1173,66,11,1
collidable,1,changed,20,1798,1553,615,1234,71,9,0
collidable,1,changed,21,1447,1345,599,1067,62,5,1
collidable,1,changed,22,1321,1276,591,1089,60,4,0
collidable,1,changed,23,1322,1239,581,1000,68,4,0
collidable,1,changed,24,1313,1248,572,947,55,6,0
collidable,1,changed,25,1244,1153,561,971,57,8,0
collidable,1,changed,26,1358,1222,594,998,57,4,0
collidable,1,changed,27,1271,1170,584,953,54,11,1
collidable,1,changed,28,1156,1097,574,861,70,5,0
collidable,1,changed,29,1155,1076,565,872,61,5,0
collidable,1,changed,30,1141,1079,555,878,58,7,1
collidable,1,changed,31,1230,1146,550,917,56,4,1
collidable,1,changed,32,1145,1065,536,837,51,8,1
collidable,1,changed,33,1143,1014,527,795,50,5,1
collidable,1,changed,34,1105,1044,515,816,54,8,1
collidable,1,changed,35,1086,1004,506,817,48,7,0
collidable,1,changed,36,1142,1088,526,843,57,15,0
collidable,1,changed,37,1129,1038,533,798,53,15,1
collidable,1,changed,38,990,937,526,758,49,6,1
collidable,1,changed,39,1025,943,514,723,50,11,1
collidable,1,changed,40,1134,954,524,742,50,3,1
collidable,1,changed,41,1129,1045,495,792,46,14,0
collidable,1,changed,42,1017,920,465,705,44,4,1
collidable,1,changed,43,1023,925,450,705,50,4,1
collidable,1,changed,44,912,871,429,686,45,3,1
collidable,1,changed,45,943,893,415,684,46,6,1
collidable,1,changed,46,1016,941,397,683,44,3,1
collidable,1,changed,47,1025,854,386,633,48,4,1
collidable,1,changed,48,977,927,370,701,44,4,0
collidable,1,changed,49,1002,956,352,693,45,4,0
collidable,1,changed,50,919,845,344,652,42,12,0
collidable,1,changed,51,881,790,336,627,49,6,2
collidable,1,changed,52,877,779,331,605,41,10,1
collidable,1,changed,53,969,803,320,575,39,4,1
collidable,1,changed,54,840,783,310,569,39,4,0
collidable,1,changed,55,817,741,309,569,37,5,0
collidable,1,changed,56,826,761,292,541,35,4,0
collidable,1,changed,57,876,795,286,536,36,9,1
collidable,1,changed,58,799,714,281,561,37,6,0
collidable,1,changed,59,824,693,268,527,38,10,0
collidable,1,changed,60,27891,1233,2377,514,557,4,0
collidable,1,changed,61,121096,121053,2351,119795,461,4,0
collidable,1,changed,62,87510,87431,2120,86113,453,8,0
collidable,1,changed,63,69362,69319,1713,67930,390,5,0
collidable,1,changed,64,45942,45895,1362,44697,333,5,0
collidable,1,changed,65,32249,32193,1123,31237,261,5,0
collidable,1,changed,66,17897,17859,880,17097,190,3,0
collidable,1,changed,67,11653,11534,755,10928,180,4,0
collidable,1,changed,68,8483,8436,640,7849,170,4,0
collidable,1,changed,69,5697,5635,611,5173,124,5,0
collidable,1,changed,70,3958,3912,576,3505,130,5,0
collidable,1,changed,71,2839,2774,566,2485,105,5,0
collidable,1,changed,72,2413,2364,585,2075,119,14,0
collidable,1,changed,73,2237,2188,593,1845,105,6,0
collidable,1,changed,74,2216,2032,591,1681,95,4,1
collidable,1,changed,75,2069,2012,589,1683,110,4,0
collidable,1,changed,76,2005,1947,574,1623,106,4,0
collidable,1,changed,77,1917,1843,563,1582,102,5,0
collidable,1,changed,78,1799,1739,552,1487,97,3,0
collidable,1,changed,79,1821,1777,545,1481,90,4,0
collidable,1,changed,80,2033,1844,551,1511,101,4,1
collidable,1,changed,81,1771,1703,548,1456,92,5,1
collidable,1,changed,82,1705,1657,539,1425,97,5,1
collidable,1,changed,83,1674,1613,528,1393,83,5,0
collidable,1,changed,84,1665,1597,524,1285,82,7,0
collidable,1,changed,85,1590,1536,519,1288,94,4,0
collidable,1,changed,86,1634,1476,512,1229,76,3,0
collidable,1,changed,87,1487,1440,497,1196,85,6,0
collidable,1,changed,88,1580,1534,523,1214,84,9,0
collidable,1,changed,89,1401,1349,519,1123,73,4,1
collidable,1,changed,90,1493,1425,511,1103,80,5,0
collidable,1,changed,91,1502,1406,505,1111,82,5,1
collidable,1,changed,92,1365,1264,496,1059,74,12,0
collidable,1,changed,93,1421,1334,488,1112,77,4,0
collidable,1,changed,94,1439,1375,479,1112,69,7,0
collidable,1,changed,95,1374,1266,469,1048,76,4,0
collidable,1,changed,96,1317,1247,450,1032,71,3,1
collidable,1,changed,97,1306,1215,441,983,80,4,0
collidable,1,changed,98,1316,1244,424,951,67,9,0
collidable,1,changed,99,1379,1241,417,953,68,4,0
collidable,1,changed,100,1220,1155,407,944,68,11,1
collidable,1,changed,101,1668,1175,396,930,72,3,1
collidable,1,changed,102,1206,1166,370,938,63,4,0
collidable,1,changed,103,1208,1109,353,901,62,8,1
collidable,1,changed,104,1195,1153,345,931,60,4,1
collidable,1,changed,105,1176,1083,335,884,67,9,1
collidable,1,changed,106,1352,1111,326,850,65,3,1
collidable,1,changed,107,1170,1069,322,881,61,4,1
collidable,1,changed,108,1185,1099,312,895,60,11,1
collidable,1,changed,109,1179,1135,318,937,55,7,0
collidable,1,changed,110,1102,1049,323,868,58,4,1
collidable,1,changed,111,1108,1030,336,808,61,7,0
collidable,1,changed,112,1123,1018,332,815,54,11,0
collidable,1,changed,113,1063,985,318,781,56,11,0
collidable,1,changed,114,1078,998,311,809,49,10,0
collidable,1,changed,115,1071,977,311,773,59,10,1
collidable,1,changed,116,1083,1022,299,818,55,4,0
collidable,1,changed,117,1025,937,296,745,53,4,1
collidable,1,changed,118,1011,936,285,736,51,7,0
collidable,1,changed,119,1193,920,280,693,48,3,0
collidable,1,changed,120,25724,1390,2386,698,538,3,0
collidable,1,changed,121,117805,117763,2359,116538,441,4,0
collidable,1,changed,122,85141,85031,2138,83832,443,4,0
collidable,1,changed,123,67883,67829,1693,66407,415,7,0
collidable,1,changed,124,44097,43999,1421,42856,354,11,1
collidable,1,changed,125,30843,30789,1191,29874,267,6,0
collidable,1,changed,126,20830,20795,967,19927,217,3,1
collidable,1,changed,127,13684,13573,900,12956,188,3,0
collidable,1,changed,128,9744,9696,750,9150,180,7,0
collidable,1,changed,129,6051,6016,658,5465,136,12,1
collidable,1,changed,130,4344,4299,619,3828,138,4,0
collidable,1,changed,131,3128,3071,596,2724,117,4,0
collidable,1,changed,132,2773,2683,584,2335,107,4,0
collidable,1,changed,133,2427,2219,606,1930,105,4,1
collidable,1,changed,134,2347,2307,648,2032,104,3,0
collidable,1,changed,135,2152,2061,644,1795,112,8,1
collidable,1,changed,136,2196,2097,633,1777,110,4,2
collidable,1,changed,137,2045,1957,626,1663,115,6,0
collidable,1,changed,138,1955,1868,620,1627,100,5,0
collidable,1,changed,139,2004,1819,609,1545,96,6,0
collidable,1,changed,140,1824,1777,593,1505,110,4,0
collidable,1,changed,141,1825,1739,585,1459,103,4,0
collidable,1,changed,142,1794,1749,574,1502,94,4,0
collidable,1,changed,143,1814,1739,564,1433,96,8,0
collidable,1,changed,144,1804,1756,553,1497,86,4,0
collidable,1,changed,145,1754,1700,551,1454,93,4,1
collidable,1,changed,146,1755,1530,538,1303,89,3,2
collidable,1,changed,147,1692,1621,528,1389,92,3,2
collidable,1,changed,148,1633,1542,526,1277,95,6,1
collidable,1,changed,149,1696,1625,561,1338,84,4,1
collidable,1,changed,150,1701,1612,567,1346,88,4,1
collidable,1,changed,151,1721,1630,559,1322,89,12,1
collidable,1,changed,152,1668,1573,549,1293,86,14,1
collidable,1,changed,153,1668,1541,579,1270,88,4,0
collidable,1,changed,154,1537,1451,572,1212,85,7,0
collidable,1,changed,155,1566,1472,560,1180,81,10,1
collidable,1,changed,156,1582,1498,547,1215,85,12,0
collidable,1,changed,157,1478,1385,529,1144,77,12,0
collidable,1,changed,158,1468,1391,520,1131,81,10,0
collidable,1,changed,159,1466,1379,531,1157,71,10,0
collidable,1,changed,160,1523,1355,517,1117,87,4,1
collidable,1,changed,161,1583,1500,509,1222,81,4,0
collidable,1,changed,162,1465,1383,505,1101,77,4,0
collidable,1,changed,163,1412,1325,499,1077,78,7,1
collidable,1,changed,164,1470,1391,485,1105,68,4,1
collidable,1,changed,165,1404,1299,478,1051,83,9,0
collidable,1,changed,166,1412,1319,473,1103,75,5,0
collidable,1,changed,167,1400,1291,471,1064,75,5,2
collidable,1,changed,168,1376,1296,471,1082,76,10,0
collidable,1,changed,169,1389,1283,465,1032,67,4,0
collidable,1,changed,170,1299,1204,460,1002,73,4,0
collidable,1,changed,171,1363,1266,448,994,75,5,1
collidable,1,changed,172,1378,1288,433,1025,74,3,1
collidable,1,changed,173,1372,1217,428,1001,74,3,0
collidable,1,changed,174,1620,1113,420,920,65,3,1
collidable,1,changed,175,1288,1187,407,969,78,4,2
collidable,1,changed,176,1309,1212,394,961,69,6,1
collidable,1,changed,177,1290,1195,382,925,64,4,1
collidable,1,changed,178,1246,1158,377,900,69,4,0
collidable,1,changed,179,1313,1059,361,856,59,3,0
collidable,1,changed,180,26776,1513,2428,788,519,4,0
collidable,1,changed,181,115491,115449,2390,114202,460,4,0
collidable,1,changed,182,86002,85909,2147,84590,436,7,0
collidable,1,changed,183,67196,67143,1767,65860,403,4,0
collidable,1,changed,184,49339,49231,1462,48102,358,7,0
collidable,1,changed,185,32040,31998,1188,30955,290,4,0
collidable,1,changed,186,22638,22574,987,21728,230,4,1
collidable,1,changed,187,14956,14878,818,14237,201,4,0
collidable,1,changed,188,9592,9544,656,8922,169,4,1
collidable,1,changed,189,5959,5915,551,5379,142,7,0
collidable,1,changed,190,4704,4643,537,4287,143,3,0
collidable,1,changed,191,3284,3225,506,2895,132,4,1
collidable,1,changed,192,3010,2934,505,2589,126,4,0
collidable,1,changed,193,2626,2414,488,2101,106,3,0
collidable,1,changed,194,2336,2245,486,1907,105,8,1
collidable,1,changed,195,2135,2091,488,1799,110,3,0
collidable,1,changed,196,2015,1932,481,1667,110,3,0
collidable,1,changed,197,1995,1929,484,1642,115,5,0
collidable,1,changed,198,1978,1921,483,1639,115,7,0
collidable,1,changed,199,1956,1864,473,1595,102,12,0
collidable,1,changed,200,2125,1865,502,1600,106,4,0
collidable,1,changed,201,1877,1791,500,1528,108,9,0
collidable,1,changed,202,1842,1743,493,1474,95,4,0
collidable,1,changed,203,1917,1841,492,1495,97,11,0
collidable,1,changed,204,1888,1797,506,1487,91,4,1
collidable,1,changed,205,1697,1634,493,1384,93,7,1
collidable,1,changed,206,1754,1679,482,1436,94,6,0
collidable,1,changed,207,1931,1688,477,1414,94,4,0
collidable,1,changed,208,1658,1571,465,1324,87,7,0
collidable,1,changed,209,1601,1515,461,1286,83,4,0
collidable,1,changed,210,1615,1564,457,1335,95,4,1
collidable,1,changed,211,1541,1472,440,1235,77,5,1
collidable,1,changed,212,1541,1496,435,1284,78,8,1
collidable,1,changed,213,1620,1510,433,1232,79,8,1
collidable,1,changed,214,1617,1439,435,1219,81,4,0
collidable,1,changed,215,1551,1435,430,1208,82,4,0
collidable,1,changed,216,1537,1431,422,1199,80,4,0
collidable,1,changed,217,1540,1444,440,1181,76,10,0
collidable,1,changed,218,1530,1437,438,1177,78,7,0
collidable,1,changed,219,1459,1350,433,1145,72,9,0
collidable,1,changed,220,1510,1359,419,1141,83,6,1
collidable,1,changed,221,1394,1305,416,1103,75,9,0
collidable,1,changed,222,1447,1350,414,1123,74,9,1
collidable,1,changed,223,1426,1386,440,1127,73,6,0
collidable,1,changed,224,1468,1384,451,1147,69,3,1
collidable,1,changed,225,1394,1329,443,1079,71,4,0
collidable,1,changed,226,1441,1221,438,1022,69,3,0
collidable,1,changed,227,1469,1383,432,1110,72,4,0
collidable,1,changed,228,1337,1246,427,1045,69,5,1
collidable,1,changed,229,1403,1314,421,1013,64,13,1
collidable,1,changed,230,1361,1256,411,1026,73,4,2
collidable,1,changed,231,1325,1242,407,1026,71,10,0
collidable,1,changed,232,1237,1154,401,929,68,3,0
collidable,1,changed,233,1355,1180,391,954,80,5,1
collidable,1,changed,234,1279,1195,386,997,64,3,0
collidable,1,changed,235,1317,1240,377,994,70,5,1
collidable,1,changed,236,1260,1169,366,944,64,5,1
collidable,1,changed,237,1231,1147,364,930,69,9,1
collidable,1,changed,238,1263,1178,367,907,67,6,0
collidable,1,changed,239,1324,1067,362,886,60,3,0
collidable,2,changed,0,27511,973,2108,1,520,170,0
collidable,2,changed,1,115200,115148,2084,113934,433,4,0
collidable,2,changed,2,92065,92012,1849,90821,421,3,0
collidable,2,changed,3,67545,67500,1463,66363,354,6,1
collidable,2,changed,4,44004,43953,1116,42993,297,6,0
collidable,2,changed,5,29242,29188,892,28391,233,3,0
collidable,2,changed,6,19227,19176,717,18471,182,4,1
collidable,2,changed,7,13232,13195,624,12550,156,12,0
collidable,2,changed,8,9087,9002,487,8532,123,5,0
collidable,2,changed,9,5777,5722,388,5193,103,4,0
collidable,2,changed,10,3916,3856,359,3501,107,4,0
collidable,2,changed,11,2990,2928,405,2593,81,4,0
collidable,2,changed,12,2358,2295,452,2055,80,4,0
collidable,2,changed,13,1863,1810,472,1539,80,9,0
collidable,2,changed,14,1782,1737,517,1477,68,10,0
collidable,2,changed,15,1623,1562,524,1336,70,4,0
collidable,2,changed,16,1538,1479,534,1261,65,4,1
collidable,2,changed,17,1621,1515,549,1290,69,11,0
collidable,2,changed,18,1512,1408,558,1193,65,12,1
collidable,2,changed,19,1501,1444,608,1159,60,8,1
collidable,2,changed,20,1452,1351,615,1153,63,12,1
collidable,2,changed,21,1499,1269,599,1058,63,3,1
collidable,2,changed,22,1469,1381,591,1076,65,8,0
collidable,2,changed,23,1324,1219,581,1014,58,5,1
collidable,2,changed,24,1292,1243,572,1032,56,5,1
collidable,2,changed,25,1367,1289,561,991,55,4,0
collidable,2,changed,26,1308,1255,594,1028,67,7,1
collidable,2,changed,27,1183,1101,584,913,55,5,1
collidable,2,changed,28,1264,1132,574,857,62,3,0
collidable,2,changed,29,1098,1052,565,845,53,9,0
collidable,2,changed,30,1462,1375,555,1058,58,4,0
collidable,2,changed,31,1166,1112,550,874,55,5,0
collidable,2,changed,32,1090,1018,536,825,50,7,0
collidable,2,changed,33,1074,987,527,810,52,5,1
collidable,2,changed,34,1067,932,515,774,51,4,0
collidable,2,changed,35,1094,1029,506,809,51,7,1
collidable,2,changed,36,1131,1073,526,881,50,4,0
collidable,2,changed,37,1060,981,533,795,48,7,1
collidable,2,changed,38,1023,934,526,747,48,7,0
collidable,2,changed,39,1060,983,514,738,45,10,0
collidable,2,changed,40,1014,968,524,761,51,7,0
collidable,2,changed,41,1117,934,495,700,45,5,1
collidable,2,changed,42,1045,989,465,752,44,7,0
collidable,2,changed,43,1072,973,450,745,52,4,1
collidable,2,changed,44,936,854,429,683,41,4,0
collidable,2,changed,45,1041,952,415,684,52,3,0
collidable,2,changed,46,1003,902,397,676,53,4,1
collidable,2,changed,47,956,865,386,678,47,5,2
collidable,2,changed,48,993,838,370,626,43,4,0
collidable,2,changed,49,1028,931,352,697,37,3,1
collidable,2,changed,50,884,803,344,632,43,6,1
collidable,2,changed,51,880,834,336,655,46,6,1
collidable,2,changed,52,833,763,331,601,42,7,0
collidable,2,changed,53,866,805,320,611,42,8,1
collidable,2,changed,54,1047,841,310,554,38,5,0
collidable,2,changed,55,900,850,309,682,38,4,0
collidable,2,changed,56,888,798,292,539,37,6,0
collidable,2,changed,57,758,716,286,540,39,4,0
collidable,2,changed,58,852,755,281,537,36,8,2
collidable,2,changed,59,915,755,268,553,36,4,0
collidable,2,changed,60,26789,1234,2377,478,556,4,1
collidable,2,changed,61,117830,117643,2351,116347,498,8,0
collidable,2,changed,62,88092,87993,2120,86731,451,7,1
collidable,2,changed,63,70583,70523,1713,69215,388,3,0
collidable,2,changed,64,46886,46818,1362,45653,338,9,0
collidable,2,changed,65,31885,31844,1123,30877,263,4,1
collidable,2,changed,66,17946,17903,880,17100,194,4,0
collidable,2,changed,67,11338,11229,755,10706,164,3,0
collidable,2,changed,68,7844,7770,640,7252,143,10,0
collidable,2,changed,69,5333,5288,611,4842,129,4,1
collidable,2,changed,70,3938,3871,576,3439,124,10,1
collidable,2,changed,71,2825,2768,566,2424,103,4,1
collidable,2,changed,72,2419,2367,585,2076,114,15,1
collidable,2,changed,73,2317,2125,593,1829,99,4,0
collidable,2,changed,74,2169,2084,591,1787,103,15,1
collidable,2,changed,75,2008,1947,589,1680,112,6,0
collidable,2,changed,76,1931,1888,574,1606,94,5,1
collidable,2,changed,77,2001,1909,563,1606,96,9,1
collidable,2,changed,78,1823,1749,552,1503,98,6,0
collidable,2,changed,79,1761,1675,545,1441,85,8,0
collidable,2,changed,80,1872,1664,551,1440,92,4,1
collidable,2,changed,81,1776,1735,548,1455,94,5,0
collidable,2,changed,82,1895,1824,539,1490,93,5,0
collidable,2,changed,83,1768,1672,528,1379,91,14,0
collidable,2,changed,84,1667,1620,524,1399,81,4,1
collidable,2,changed,85,1625,1530,519,1268,84,11,1
collidable,2,changed,86,1744,1650,512,1336,89,6,0
collidable,2,changed,87,1502,1339,497,1122,75,4,1
collidable,2,changed,88,1531,1459,523,1186,81,4,0
collidable,2,changed,89,1473,1392,519,1167,67,8,0
collidable,2,changed,90,1539,1453,511,1190,79,12,0
collidable,2,changed,91,1493,1390,505,1146,77,3,0
collidable,2,changed,92,1390,1345,496,1125,73,3,0
collidable,2,changed,93,1350,1255,488,1048,66,4,1
collidable,2,changed,94,1420,1292,479,1028,70,4,1
collidable,2,changed,95,1482,1377,469,1072,73,3,1
collidable,2,changed,96,1372,1297,450,1032,76,14,0
collidable,2,changed,97,1311,1221,441,968,67,10,0
collidable,2,changed,98,1692,1211,424,907,71,3,0
collidable,2,changed,99,1335,1261,417,996,69,9,1
collidable,2,changed,100,1391,1321,407,999,72,5,0
collidable,2,changed,101,1313,1132,396,905,63,3,1
collidable,2,changed,102,1412,1370,370,1039,61,7,0
collidable,2,changed,103,1250,1174,353,949,62,15,1
collidable,2,changed,104,1175,1135,345,939,57,6,0
collidable,2,changed,105,1188,1118,335,925,65,5,0
collidable,2,changed,106,1224,1131,326,865,63,14,0
collidable,2,changed,107,1148,1069,322,887,59,5,0
collidable,2,changed,108,1240,1028,312,823,64,4,1
collidable,2,changed,109,1273,1183,318,894,55,16,0
collidable,2,changed,110,1134,1078,323,895,66,5,0
collidable,2,changed,111,1111,1017,336,829,60,6,1
collidable,2,changed,112,1100,1030,332,814,60,6,0
collidable,2,changed,113,1018,959,318,774,54,4,0
collidable,2,changed,114,1119,962,311,750,49,4,0
collidable,2,changed,115,1076,984,311,798,52,15,1
collidable,2,changed,116,1085,1037,299,845,55,4,1
collidable,2,changed,117,1025,924,296,751,56,13,1
collidable,2,changed,118,1043,947,285,729,53,10,1
collidable,2,changed,119,1030,885,280,714,46,3,0
collidable,2,changed,120,27066,1379,2386,673,560,3,1
collidable,2,changed,121,120038,119922,2359,118633,460,4,0
collidable,2,changed,122,85310,85223,2138,83974,439,5,1
collidable,2,changed,123,67842,67787,1693,66504,392,3,0
collidable,2,changed,124,45500,45402,1421,44269,344,4,0
collidable,2,changed,125,32530,32496,1191,31582,287,4,1
collidable,2,changed,126,21565,21534,967,20687,207,5,1
collidable,2,changed,127,13814,13688,900,13104,183,3,0
collidable,2,changed,128,9740,9695,750,9146,156,6,0
collidable,2,changed,129,6007,5968,658,5502,135,7,0
collidable,2,changed,130,4329,4287,619,3833,146,9,0
collidable,2,changed,131,3230,3188,596,2789,123,10,0
collidable,2,changed,132,2703,2665,584,2354,116,4,0
collidable,2,changed,133,2442,2245,606,1964,109,5,1
collidable,2,changed,134,2277,2235,648,1975,105,4,0
collidable,2,changed,135,2194,2120,644,1761,126,3,0
collidable,2,changed,136,2206,2101,633,1787,116,5,1
collidable,2,changed,137,2062,1980,626,1667,107,4,0
collidable,2,changed,138,2051,1987,620,1644,117,9,0
collidable,2,changed,139,1956,1874,609,1523,99,6,0
collidable,2,changed,140,1919,1715,593,1458,109,5,0
collidable,2,changed,141,1825,1731,585,1476,99,5,0
collidable,2,changed,142,1868,1829,574,1479,93,4,0
collidable,2,changed,143,1853,1799,564,1481,106,5,0
collidable,2,changed,144,1784,1718,553,1465,91,8,0
collidable,2,changed,145,1850,1748,551,1442,96,4,1
collidable,2,changed,146,1814,1589,538,1310,89,4,2
collidable,2,changed,147,1718,1645,528,1351,87,4,0
collidable,2,changed,148,1630,1559,526,1309,92,7,0
collidable,2,changed,149,1689,1598,561,1353,81,4,0
collidable,2,changed,150,1743,1632,567,1360,90,8,0
collidable,2,changed,151,1839,1735,559,1387,90,4,1
collidable,2,changed,152,1632,1538,549,1271,86,5,0
collidable,2,changed,153,1578,1489,579,1256,78,12,0
collidable,2,changed,154,1569,1478,572,1218,82,14,1
collidable,2,changed,155,1581,1487,560,1205,80,13,0
collidable,2,changed,156,1466,1414,547,1186,90,5,0
collidable,2,changed,157,1557,1460,529,1194,84,7,1
collidable,2,changed,158,1397,1347,520,1142,80,4,0
collidable,2,changed,159,1505,1346,531,1132,79,4,1
collidable,2,changed,160,1516,1440,517,1153,87,10,1
collidable,2,changed,161,1495,1394,509,1136,78,7,0
collidable,2,changed,162,1428,1350,505,1102,86,4,0
collidable,2,changed,163,1432,1338,499,1079,84,9,0
collidable,2,changed,164,1395,1299,485,1092,72,4,0
collidable,2,changed,165,1400,1263,478,1028,74,3,0
collidable,2,changed,166,1405,1320,473,1086,81,11,0
collidable,2,changed,167,1329,1286,471,1073,80,4,0
collidable,2,changed,168,1392,1319,471,1050,74,9,0
collidable,2,changed,169,1366,1297,465,1042,67,8,0
collidable,2,changed,170,1417,1326,460,1048,84,12,0
collidable,2,changed,171,1794,1294,448,1019,71,6,0
collidable,2,changed,172,1385,1210,433,986,73,3,0
collidable,2,changed,173,1242,1157,428,959,69,9,0
collidable,2,changed,174,1297,1207,420,974,62,7,0
collidable,2,changed,175,1334,1241,407,952,73,4,1
collidable,2,changed,176,1329,1285,394,1000,69,7,0
collidable,2,changed,177,1251,1155,382,926,63,14,0
collidable,2,changed,178,1407,1142,377,890,66,8,0
collidable,2,changed,179,1239,1112,361,863,58,3,0
collidable,2,changed,180,26802,1535,2428,793,556,4,1
collidable,2,changed,181,115554,115507,2390,114280,447,3,0
collidable,2,changed,182,87473,87365,2147,86132,456,4,0
collidable,2,changed,183,64939,64884,1767,63522,402,4,0
collidable,2,changed,184,49248,49145,1462,48074,359,9,0
collidable,2,changed,185,31924,31885,1188,30926,299,4,0
collidable,2,changed,186,23339,23303,987,22393,242,4,0
collidable,2,changed,187,16050,15941,818,15138,206,4,0
collidable,2,changed,188,10281,10242,656,9591,163,5,0
collidable,2,changed,189,6651,6585,551,6088,151,4,0
collidable,2,changed,190,5111,5046,537,4646,158,4,0
collidable,2,changed,191,3552,3454,506,3003,137,3,0
collidable,2,changed,192,3072,2986,505,2634,119,5,0
collidable,2,changed,193,2862,2596,488,2182,124,6,1
collidable,2,changed,194,2387,2298,486,1931,104,6,0
collidable,2,changed,195,2171,2111,488,1852,113,9,0
collidable,2,changed,196,2100,1990,481,1696,120,5,1
collidable,2,changed,197,2004,1910,484,1653,102,15,0
collidable,2,changed,198,2119,2058,483,1709,107,7,0
collidable,2,changed,199,2108,1919,473,1615,104,3,1
collidable,2,changed,200,2007,1957,502,1704,106,4,1
collidable,2,changed,201,1891,1783,500,1530,103,4,1
collidable,2,changed,202,1849,1749,493,1483,115,4,1
collidable,2,changed,203,1880,1794,492,1504,114,6,0
collidable,2,changed,204,1849,1769,506,1515,95,6,0
collidable,2,changed,205,2016,1791,493,1428,103,5,0
collidable,2,changed,206,1863,1761,482,1453,104,9,0
collidable,2,changed,207,1766,1677,477,1423,92,8,0
collidable,2,changed,208,1749,1669,465,1336,87,3,0
collidable,2,changed,209,1688,1590,461,1306,78,7,1
collidable,2,changed,210,1619,1535,457,1299,95,4,0
collidable,2,changed,211,1628,1500,440,1256,81,11,0
collidable,2,changed,212,1623,1549,435,1235,89,5,0
collidable,2,changed,213,1563,1516,433,1291,73,5,0
collidable,2,changed,214,1496,1423,435,1199,79,4,0
collidable,2,changed,215,1574,1491,430,1184,84,7,0
collidable,2,changed,216,1550,1473,422,1227,82,17,0
collidable,2,changed,217,1538,1455,440,1174,78,12,1
collidable,2,changed,218,1502,1342,438,1141,70,6,1
collidable,2,changed,219,1586,1504,433,1201,69,16,1
collidable,2,changed,220,1571,1467,419,1151,84,4,1
collidable,2,changed,221,1391,1313,416,1094,78,4,1
collidable,2,changed,222,1413,1335,414,1117,69,6,1
collidable,2,changed,223,1510,1453,440,1146,75,7,1
collidable,2,changed,224,1463,1404,451,1157,66,4,0
collidable,2,changed,225,1520,1305,443,1069,79,4,1
collidable,2,changed,226,1470,1407,438,1143,74,6,0
collidable,2,changed,227,1391,1310,432,1068,71,17,0
collidable,2,changed,228,1340,1273,427,1050,67,6,0
collidable,2,changed,229,1329,1235,421,1027,72,7,0
collidable,2,changed,230,1438,1335,411,1045,80,4,1
collidable,2,changed,231,1412,1207,407,996,80,3,1
collidable,2,changed,232,1251,1152,401,940,70,12,0
collidable,2,changed,233,1274,1167,391,972,74,3,0
collidable,2,changed,234,1325,1255,386,1015,62,10,0
collidable,2,changed,235,1328,1223,377,973,75,4,1
collidable,2,changed,236,1263,1190,366,959,67,14,0
collidable,2,changed,237,1250,1159,364,922,67,9,1
collidable,2,changed,238,1342,1127,367,908,68,4,1
collidable,2,changed,239,1216,1113,362,920,61,3,0
collidable,2,baseline,0,26082,1007,2108,0,600,175,0
collidable,2,baseline,1,121461,121411,2084,120224,457,4,0
collidable,2,baseline,2,95601,95542,1849,94296,469,9,0
collidable,2,baseline,3,74764,74702,1463,73390,404,10,0
collidable,2,baseline,4,48703,48654,1116,47637,334,7,1
collidable,2,baseline,5,31791,31745,892,30922,278,4,0
collidable,2,baseline,6,21016,20965,717,20263,207,8,1
collidable,2,baseline,7,14246,14201,624,13634,171,12,0
collidable,2,baseline,8,9731,9691,487,9205,158,3,0
collidable,2,baseline,9,6003,5954,388,5445,124,7,0
collidable,2,baseline,10,4138,4096,359,3728,116,3,0
collidable,2,baseline,11,3245,3190,405,2834,93,11,0
collidable,2,baseline,12,2448,2396,452,2059,92,4,0
collidable,2,baseline,13,1846,1800,472,1576,91,4,0
collidable,2,baseline,14,1875,1779,517,1533,94,4,0
collidable,2,baseline,15,1735,1673,524,1370,86,7,0
collidable,2,baseline,16,1564,1518,534,1296,92,5,0
collidable,2,baseline,17,2007,1504,549,1245,78,6,2
collidable,2,baseline,18,1507,1466,558,1196,82,7,0
collidable,2,baseline,19,1514,1443,608,1197,78,4,0
collidable,2,baseline,20,1450,1399,615,1165,83,12,0
collidable,2,baseline,21,1544,1375,599,1115,71,5,1
collidable,2,baseline,22,1443,1360,591,1082,72,5,1
collidable,2,baseline,23,1430,1386,581,1080,74,4,0
collidable,2,baseline,24,1303,1215,572,997,64,12,0
collidable,2,baseline,25,1305,1213,561,991,72,12,0
collidable,2,baseline,26,1299,1237,594,1020,70,4,0
collidable,2,baseline,27,1299,1185,584,930,69,4,0
collidable,2,baseline,28,1211,1122,574,913,79,4,0
collidable,2,baseline,29,1205,1163,565,942,65,3,0
collidable,2,baseline,30,1133,1076,555,885,67,6,0
collidable,2,baseline,31,1196,1112,550,879,65,4,1
collidable,2,baseline,32,1147,1067,536,849,72,4,1
collidable,2,baseline,33,1187,1086,527,826,70,7,0
collidable,2,baseline,34,1205,1039,515,794,64,4,1
collidable,2,baseline,35,1281,1193,506,878,72,9,0
collidable,2,baseline,36,1291,1220,526,918,63,11,1
collidable,2,baseline,37,1089,1042,533,810,68,5,1
collidable,2,baseline,38,1112,1015,526,782,62,4,1
collidable,2,baseline,39,1054,961,514,749,57,15,0
collidable,2,baseline,40,1200,1109,524,855,68,9,0
collidable,2,baseline,41,1166,960,495,726,62,5,1
collidable,2,baseline,42,1100,1043,465,797,61,6,1
collidable,2,baseline,43,1080,975,450,712,60,7,1
collidable,2,baseline,44,994,948,429,747,55,8,0
collidable,2,baseline,45,1009,903,415,695,58,6,0
collidable,2,baseline,46,1007,920,397,682,63,4,0
collidable,2,baseline,47,955,862,386,660,57,17,0
collidable,2,baseline,48,1038,871,370,654,56,4,1
collidable,2,baseline,49,1040,952,352,696,54,5,0
collidable,2,baseline,50,950,850,344,650,55,3,0
collidable,2,baseline,51,944,844,336,642,57,8,1
collidable,2,baseline,52,930,839,331,638,52,7,1
collidable,2,baseline,53,918,812,320,609,51,5,0
collidable,2,baseline,54,954,774,310,566,45,4,0
collidable,2,baseline,55,875,791,309,594,48,8,0
collidable,2,baseline,56,935,883,292,622,51,7,1
collidable,2,baseline,57,834,730,286,557,49,4,0
collidable,2,baseline,58,862,765,281,559,51,9,0
collidable,2,baseline,59,952,794,268,600,47,4,0
collidable,2,baseline,60,26160,1346,2377,502,650,10,0
collidable,2,baseline,61,128514,128473,2351,127060,556,5,0
collidable,2,baseline,62,99763,99680,2120,98022,604,8,0
collidable,2,baseline,63,74471,74418,1713,72989,468,7,0
collidable,2,baseline,64,50610,50560,1362,49214,419,8,0
collidable,2,baseline,65,35763,35651,1123,34621,314,4,0
collidable,2,baseline,66,19508,19468,880,18622,229,3,0
collidable,2,baseline,67,12253,12198,755,11590,201,3,0
collidable,2,baseline,68,8348,8304,640,7726,179,9,1
collidable,2,baseline,69,5629,5583,611,5098,156,5,1
collidable,2,baseline,70,4231,4052,576,3656,156,4,1
collidable,2,baseline,71,2912,2857,566,2523,127,6,0
collidable,2,baseline,72,2490,2445,585,2180,129,8,1
collidable,2,baseline,73,2274,2225,593,1914,136,5,0
collidable,2,baseline,74,2200,2150,591,1850,122,5,0
collidable,2,baseline,75,2204,2153,589,1769,133,13,1
collidable,2,baseline,76,2035,1952,574,1653,125,4,1
collidable,2,baseline,77,2095,1944,563,1677,122,4,0
collidable,2,baseline,78,1867,1822,552,1489,130,5,1
collidable,2,baseline,79,1892,1822,545,1476,107,4,3
collidable,2,baseline,80,1925,1835,551,1473,117,4,0
collidable,2,baseline,81,1753,1713,548,1455,108,4,0
collidable,2,baseline,82,1797,1703,539,1398,107,13,1
collidable,2,baseline,83,1745,1660,528,1360,115,11,1
collidable,2,baseline,84,1741,1564,524,1291,103,5,1
collidable,2,baseline,85,1691,1597,519,1288,113,15,1
collidable,2,baseline,86,1619,1530,512,1280,102,4,0
collidable,2,baseline,87,1542,1448,497,1206,99,8,1
collidable,2,baseline,88,1495,1438,523,1168,97,6,1
collidable,2,baseline,89,1403,1344,519,1124,89,6,0
collidable,2,baseline,90,1908,1370,511,1134,99,4,0
collidable,2,baseline,91,1433,1351,505,1108,109,3,0
collidable,2,baseline,92,1364,1296,496,1063,88,4,0
collidable,2,baseline,93,1405,1323,488,1084,106,4,0
collidable,2,baseline,94,1464,1408,479,1051,96,7,0
collidable,2,baseline,95,1461,1369,469,1076,92,4,0
collidable,2,baseline,96,1448,1313,450,1018,99,6,0
collidable,2,baseline,97,1413,1320,441,998,96,10,1
collidable,2,baseline,98,1358,1287,424,1001,95,9,0
collidable,2,baseline,99,1214,1176,417,965,82,4,0
collidable,2,baseline,100,1306,1256,407,1022,87,4,0
collidable,2,baseline,101,1266,1218,396,986,90,4,0
collidable,2,baseline,102,1284,1182,370,941,89,5,1
collidable,2,baseline,103,1370,1171,353,926,92,3,0
collidable,2,baseline,104,1262,1183,345,974,78,4,0
collidable,2,baseline,105,1247,1155,335,911,87,6,0
collidable,2,baseline,106,1227,1128,326,909,90,8,1
collidable,2,baseline,107,1212,1134,322,909,80,3,0
collidable,2,baseline,108,1194,1102,312,875,77,8,1
collidable,2,baseline,109,1223,1038,318,836,77,5,1
collidable,2,baseline,110,1118,1034,323,839,75,6,0
collidable,2,baseline,111,1198,1099,336,853,78,4,0
collidable,2,baseline,112,1124,1035,332,785,70,6,0
collidable,2,baseline,113,1090,1035,318,769,72,8,0
collidable,2,baseline,114,1164,1078,311,839,65,7,0
collidable,2,baseline,115,1162,984,311,753,73,4,0
collidable,2,baseline,116,1067,985,299,790,74,7,0
collidable,2,baseline,117,1020,976,296,793,71,4,0
collidable,2,baseline,118,1040,964,285,727,80,11,2
collidable,2,baseline,119,1041,921,280,717,65,7,1
collidable,2,baseline,120,27409,1717,2386,782,694,5,1
collidable,2,baseline,121,120396,120296,2359,118941,523,4,0
collidable,2,baseline,122,97032,96957,2138,95670,509,7,1
collidable,2,baseline,123,77692,77649,1693,76258,452,4,0
collidable,2,baseline,124,47339,47237,1421,46157,427,4,0
collidable,2,baseline,125,33605,33571,1191,32658,321,4,0
collidable,2,baseline,126,22516,22463,967,21592,238,3,0
collidable,2,baseline,127,14753,14634,900,14017,211,3,0
collidable,2,baseline,128,10414,10378,750,9807,192,3,0
collidable,2,baseline,129,6350,6304,658,5804,176,4,0
collidable,2,baseline,130,4644,4604,619,4103,177,8,0
collidable,2,baseline,131,3397,3323,596,2867,147,4,0
collidable,2,baseline,132,2890,2821,584,2481,135,5,0
collidable,2,baseline,133,2597,2397,606,2031,142,4,0
collidable,2,baseline,134,2464,2413,648,2064,129,5,0
collidable,2,baseline,135,2286,2216,644,1917,159,5,0
collidable,2,baseline,136,2279,2191,633,1833,136,4,0
collidable,2,baseline,137,2145,2062,626,1712,130,4,0
collidable,2,baseline,138,2158,2112,620,1730,132,6,1
collidable,2,baseline,139,1976,1907,609,1604,116,4,0
collidable,2,baseline,140,2023,1801,593,1510,140,9,1
collidable,2,baseline,141,2005,1904,585,1556,131,4,1
collidable,2,baseline,142,1798,1745,574,1477,116,7,0
collidable,2,baseline,143,1862,1811,564,1459,132,4,0
collidable,2,baseline,144,1749,1699,553,1447,108,6,0
collidable,2,baseline,145,1832,1772,551,1435,126,6,0
collidable,2,baseline,146,1741,1672,538,1373,118,10,0
collidable,2,baseline,147,1905,1690,528,1396,110,4,0
collidable,2,baseline,148,1674,1632,526,1328,123,4,0
collidable,2,baseline,149,1677,1616,561,1334,101,8,0
collidable,2,baseline,150,1705,1636,567,1347,130,4,0
collidable,2,baseline,151,1652,1614,559,1369,107,4,0
collidable,2,baseline,152,1723,1631,549,1323,112,13,0
collidable,2,baseline,153,1675,1544,579,1266,103,4,0
collidable,2,baseline,154,1592,1549,572,1259,104,4,1
collidable,2,baseline,155,1561,1461,560,1187,114,4,0
collidable,2,baseline,156,1569,1519,547,1195,106,4,1
collidable,2,baseline,157,1515,1476,529,1145,97,3,0
collidable,2,baseline,158,1457,1372,520,1127,108,9,0
collidable,2,baseline,159,1533,1357,531,1127,97,5,1
collidable,2,baseline,160,1484,1436,517,1166,109,9,0
collidable,2,baseline,161,1455,1406,509,1162,103,4,1
collidable,2,baseline,162,1514,1415,505,1114,104,4,0
collidable,2,baseline,163,1805,1370,499,1070,105,6,0
collidable,2,baseline,164,1460,1415,485,1124,92,15,1
collidable,2,baseline,165,1394,1300,478,1046,102,4,0
collidable,2,baseline,166,1410,1315,473,1052,98,4,1
collidable,2,baseline,167,1374,1321,471,1058,99,5,0
collidable,2,baseline,168,1362,1308,471,1057,91,8,0
collidable,2,baseline,169,1364,1304,465,1046,90,5,0
collidable,2,baseline,170,1355,1269,460,1020,106,3,1
collidable,2,baseline,171,1395,1299,448,1021,92,7,0
collidable,2,baseline,172,1372,1267,433,1004,96,5,1
collidable,2,baseline,173,1409,1243,428,996,99,4,1
collidable,2,baseline,174,1296,1235,420,1001,83,4,0
collidable,2,baseline,175,1368,1260,407,976,99,4,0
collidable,2,baseline,176,1363,1320,394,1030,90,10,0
collidable,2,baseline,177,1284,1199,382,921,86,13,1
collidable,2,baseline,178,1197,1114,377,867,83,9,1
collidable,2,baseline,179,1398,1096,361,852,78,4,0
collidable,2,baseline,180,25897,1662,2428,841,622,4,0
collidable,2,baseline,181,129845,129793,2390,128464,541,3,0
collidable,2,baseline,182,90890,90813,2147,89429,542,4,0
collidable,2,baseline,183,70011,69967,1767,68609,457,11,0
collidable,2,baseline,184,56488,56380,1462,55131,448,4,1
collidable,2,baseline,185,34652,34603,1188,33598,341,4,0
collidable,2,baseline,186,24351,24315,987,23498,255,4,0
collidable,2,baseline,187,16283,16210,818,15560,208,4,1
collidable,2,baseline,188,10308,10271,656,9662,201,3,0
collidable,2,baseline,189,6286,6235,551,5734,171,10,0
collidable,2,baseline,190,4944,4887,537,4485,184,3,0
collidable,2,baseline,191,3510,3455,506,3062,157,8,0
collidable,2,baseline,192,3086,3039,505,2653,136,4,0
collidable,2,baseline,193,2817,2573,488,2247,142,4,1
collidable,2,baseline,194,2364,2286,486,1968,131,9,1
collidable,2,baseline,195,2285,2192,488,1872,143,9,1
collidable,2,baseline,196,2144,2077,481,1762,134,13,0
collidable,2,baseline,197,2072,1976,484,1690,132,10,0
collidable,2,baseline,198,2121,2076,483,1723,131,7,0
collidable,2,baseline,199,2031,1944,473,1629,123,5,0
collidable,2,baseline,200,2099,1894,502,1622,129,5,1
collidable,2,baseline,201,1957,1909,500,1561,126,4,1
collidable,2,baseline,202,1869,1774,493,1500,124,6,1
collidable,2,baseline,203,1851,1793,492,1532,124,8,0
collidable,2,baseline,204,1841,1772,506,1497,114,11,0
collidable,2,baseline,205,1870,1789,493,1446,136,14,0
collidable,2,baseline,206,1931,1725,482,1432,125,4,0
collidable,2,baseline,207,1826,1740,477,1482,116,8,0
collidable,2,baseline,208,1790,1700,465,1362,119,8,0
collidable,2,baseline,209,1731,1690,461,1377,106,7,0
collidable,2,baseline,210,1590,1542,457,1289,121,3,0
collidable,2,baseline,211,1656,1565,440,1306,104,8,1
collidable,2,baseline,212,1676,1504,435,1243,111,3,1
collidable,2,baseline,213,1688,1646,433,1279,106,11,0
collidable,2,baseline,214,1615,1517,435,1223,102,7,1
collidable,2,baseline,215,1613,1518,430,1201,111,11,0
collidable,2,baseline,216,1682,1593,422,1269,101,8,0
collidable,2,baseline,217,1548,1463,440,1181,93,11,0
collidable,2,baseline,218,1564,1471,438,1224,99,4,0
collidable,2,baseline,219,1601,1478,433,1167,92,6,0
collidable,2,baseline,220,1544,1451,419,1161,118,7,0
collidable,2,baseline,221,1560,1500,416,1178,108,9,0
collidable,2,baseline,222,1494,1419,414,1131,95,12,0
collidable,2,baseline,223,1579,1476,440,1172,102,9,0
collidable,2,baseline,224,1482,1389,451,1148,97,7,1
collidable,2,baseline,225,1453,1345,443,1101,106,4,1
collidable,2,baseline,226,1532,1297,438,1043,93,4,0
collidable,2,baseline,227,1394,1304,432,1078,98,4,1
collidable,2,baseline,228,1363,1265,427,1041,96,3,0
collidable,2,baseline,229,1384,1287,421,1045,92,8,1
collidable,2,baseline,230,1361,1277,411,1030,99,6,1
collidable,2,baseline,231,1393,1306,407,1059,97,7,0
collidable,2,baseline,232,1303,1148,401,927,85,4,0
collidable,2,baseline,233,1324,1256,391,1015,95,5,0
collidable,2,baseline,234,1336,1242,386,1005,85,10,1
collidable,2,baseline,235,1334,1245,377,967,89,3,0
collidable,2,baseline,236,1629,1123,366,904,88,4,1
collidable,2,baseline,237,1256,1199,364,954,86,6,0
collidable,2,baseline,238,1478,1243,367,933,96,5,0
collidable,2,baseline,239,1353,1195,362,933,81,3,0
collidable,3,baseline,0,27212,1072,2108,0,574,158,0
collidable,3,baseline,1,121753,121700,2084,120465,447,4,0
collidable,3,baseline,2,99732,99681,1849,98479,448,7,0
collidable,3,baseline,3,77398,77354,1463,76087,404,9,0
collidable,3,baseline,4,49734,49677,1116,48636,339,5,0
collidable,3,baseline,5,31788,31740,892,30887,254,6,0
collidable,3,baseline,6,21531,21481,717,20837,212,3,0
collidable,3,baseline,7,14080,14036,624,13480,185,8,0
collidable,3,baseline,8,9774,9723,487,9273,146,7,0
collidable,3,baseline,9,5684,5633,388,5254,115,3,0
collidable,3,baseline,10,4241,4126,359,3709,125,4,0
collidable,3,baseline,11,3156,3107,405,2792,102,4,0
collidable,3,baseline,12,2373,2330,452,2087,95,4,1
collidable,3,baseline,13,2047,1968,472,1705,93,4,0
collidable,3,baseline,14,1774,1704,517,1499,81,10,0
collidable,3,baseline,15,1741,1691,524,1425,80,9,0
collidable,3,baseline,16,1686,1549,534,1314,75,4,0
collidable,3,baseline,17,1635,1561,549,1303,87,16,0
collidable,3,baseline,18,1556,1501,558,1270,90,7,1
collidable,3,baseline,19,1524,1427,608,1187,78,4,1
collidable,3,baseline,20,1456,1397,615,1163,88,7,0
collidable,3,baseline,21,1415,1345,599,1107,82,13,0
collidable,3,baseline,22,1524,1442,591,1156,77,9,0
collidable,3,baseline,23,1468,1272,581,1007,82,4,0
collidable,3,baseline,24,1347,1259,572,1022,73,5,1
collidable,3,baseline,25,1383,1330,561,1055,81,5,0
collidable,3,baseline,26,1309,1229,594,1008,75,4,1
collidable,3,baseline,27,1225,1176,584,905,69,4,0
collidable,3,baseline,28,1210,1159,574,967,74,3,1
collidable,3,baseline,29,1263,1112,565,882,65,4,0
collidable,3,baseline,30,1135,1085,555,881,64,3,0
collidable,3,baseline,31,1301,1213,550,901,70,19,1
collidable,3,baseline,32,1124,1035,536,830,64,5,0
collidable,3,baseline,33,1109,1037,527,828,65,3,0
collidable,3,baseline,34,1239,1153,515,842,66,14,1
collidable,3,baseline,35,1107,1031,506,834,65,11,0
collidable,3,baseline,36,1218,1042,526,828,69,4,0
collidable,3,baseline,37,1134,1051,533,829,65,9,0
collidable,3,baseline,38,1156,1094,526,791,75,4,0
collidable,3,baseline,39,1047,957,514,756,56,5,0
collidable,3,baseline,40,1086,986,524,769,62,6,1
collidable,3,baseline,41,1115,1049,495,795,58,4,0
collidable,3,baseline,42,1107,940,465,727,56,9,0
collidable,3,baseline,43,1037,946,450,731,56,13,1
collidable,3,baseline,44,1003,902,429,713,54,6,1
collidable,3,baseline,45,1005,920,415,703,55,8,0
collidable,3,baseline,46,1042,936,397,748,57,9,1
collidable,3,baseline,47,959,918,386,728,56,5,0
collidable,3,baseline,48,962,879,370,667,58,4,1
collidable,3,baseline,49,1088,906,352,663,53,4,0
collidable,3,baseline,50,996,883,344,662,55,5,0
collidable,3,baseline,51,926,824,336,640,55,4,1
collidable,3,baseline,52,962,855,331,632,56,10,1
collidable,3,baseline,53,886,800,320,621,52,5,0
collidable,3,baseline,54,943,841,310,602,51,5,0
collidable,3,baseline,55,887,818,309,598,47,8,0
collidable,3,baseline,56,989,756,292,545,50,7,1
collidable,3,baseline,57,857,759,286,601,50,5,1
collidable,3,baseline,58,821,737,281,575,50,14,1
collidable,3,baseline,59,901,794,268,615,47,4,0
collidable,3,baseline,60,25607,1330,2377,498,620,5,1
collidable,3,baseline,61,126867,126813,2351,125432,553,11,0
collidable,3,baseline,62,96091,95988,2120,94644,543,4,0
collidable,3,baseline,63,76731,76667,1713,75139,470,4,0
collidable,3,baseline,64,51825,51775,1362,50553,420,8,0
collidable,3,baseline,65,36365,36305,1123,35287,313,4,0
collidable,3,baseline,66,20107,20071,880,19252,241,3,0
collidable,3,baseline,67,12341,12223,755,11569,190,6,0
collidable,3,baseline,68,8276,8234,640,7697,177,6,0
collidable,3,baseline,69,5679,5616,611,5092,166,3,0
collidable,3,baseline,70,4114,4068,576,3632,153,4,0
collidable,3,baseline,71,2977,2937,566,2537,132,12,0
collidable,3,baseline,72,2596,2521,585,2206,135,7,0
collidable,3,baseline,73,2393,2242,593,1862,140,5,0
collidable,3,baseline,74,2137,2076,591,1796,123,6,0
collidable,3,baseline,75,2256,2202,589,1820,132,6,0
collidable,3,baseline,76,2009,1939,574,1647,128,6,1
collidable,3,baseline,77,2050,1982,563,1637,123,13,0
collidable,3,baseline,78,1862,1773,552,1484,131,7,0
collidable,3,baseline,79,1896,1736,545,1448,107,4,0
collidable,3,baseline,80,1887,1791,551,1483,128,4,0
collidable,3,baseline,81,1835,1759,548,1445,111,7,0
collidable,3,baseline,82,1749,1707,539,1404,127,7,0
collidable,3,baseline,83,1797,1731,528,1390,109,13,0
collidable,3,baseline,84,1690,1601,524,1351,100,8,2
collidable,3,baseline,85,1646,1559,519,1300,107,9,1
collidable,3,baseline,86,1800,1619,512,1259,106,5,0
collidable,3,baseline,87,1949,1469,497,1174,100,7,1
collidable,3,baseline,88,1508,1425,523,1182,98,3,1
collidable,3,baseline,89,1552,1496,519,1150,96,5,0
collidable,3,baseline,90,1520,1437,511,1128,103,7,0
collidable,3,baseline,91,1446,1403,505,1140,100,7,0
collidable,3,baseline,92,1407,1328,496,1087,93,3,1
collidable,3,baseline,93,1477,1327,488,1077,100,4,0
collidable,3,baseline,94,1413,1320,479,1058,92,6,0
collidable,3,baseline,95,1388,1305,469,1065,94,5,0
collidable,3,baseline,96,1358,1277,450,1024,94,6,1
collidable,3,baseline,97,1325,1248,441,993,93,8,0
collidable,3,baseline,98,1279,1204,424,971,81,8,0
collidable,3,baseline,99,1352,1270,417,982,84,7,0
collidable,3,baseline,100,1333,1197,407,952,94,3,0
collidable,3,baseline,101,1273,1224,396,993,85,3,0
collidable,3,baseline,102,1317,1232,370,955,87,4,0
collidable,3,baseline,103,1266,1190,353,956,76,3,0
collidable,3,baseline,104,1214,1156,345,908,79,9,0
collidable,3,baseline,105,1205,1139,335,907,90,8,1
collidable,3,baseline,106,1386,1114,326,874,86,3,0
collidable,3,baseline,107,1253,1215,322,948,72,13,1
collidable,3,baseline,108,1285,1184,312,898,84,11,1
collidable,3,baseline,109,1151,1112,318,874,70,5,0
collidable,3,baseline,110,1176,1072,323,849,82,6,1
collidable,3,baseline,111,1132,1043,336,845,74,4,0
collidable,3,baseline,112,1130,1057,332,838,75,11,0
collidable,3,baseline,113,1082,976,318,763,71,5,1
collidable,3,baseline,114,1127,1074,311,786,69,5,1
collidable,3,baseline,115,1042,964,311,754,76,8,0
collidable,3,baseline,116,1079,978,299,766,77,10,1
collidable,3,baseline,117,1010,954,296,749,71,5,0
collidable,3,baseline,118,1022,931,285,708,67,18,3
collidable,3,baseline,119,1169,913,280,704,62,4,1
collidable,3,baseline,120,25287,1453,2386,675,615,4,0
collidable,3,baseline,121,122040,121986,2359,120726,519,5,1
collidable,3,baseline,122,94702,94614,2138,93382,491,4,0
collidable,3,baseline,123,78167,78124,1693,76733,460,4,0
collidable,3,baseline,124,47323,47231,1421,45992,444,3,0
collidable,3,baseline,125,33660,33612,1191,32644,321,5,0
collidable,3,baseline,126,22323,22276,967,21420,233,8,0
collidable,3,baseline,127,15260,15133,900,14477,215,10,0
collidable,3,baseline,128,10436,10390,750,9766,183,3,0
collidable,3,baseline,129,6357,6313,658,5816,166,13,0
collidable,3,baseline,130,4583,4541,619,4094,174,7,0
collidable,3,baseline,131,3361,3322,596,2849,146,16,1
collidable,3,baseline,132,2767,2731,584,2414,124,4,0
collidable,3,baseline,133,2470,2398,606,2040,148,3,2
collidable,3,baseline,134,2513,2307,648,1933,127,3,0
collidable,3,baseline,135,2271,2197,644,1904,149,6,0
collidable,3,baseline,136,2240,2159,633,1842,138,5,0
collidable,3,baseline,137,2167,2067,626,1726,141,5,1
collidable,3,baseline,138,2106,2021,620,1723,133,4,0
collidable,3,baseline,139,2002,1928,609,1573,122,18,1
collidable,3,baseline,140,1894,1821,593,1497,141,6,1
collidable,3,baseline,141,1894,1744,585,1472,122,3,1
collidable,3,baseline,142,1878,1794,574,1489,117,4,0
collidable,3,baseline,143,1783,1710,564,1440,120,3,0
collidable,3,baseline,144,1857,1777,553,1525,108,4,1
collidable,3,baseline,145,1954,1866,551,1516,126,6,0
collidable,3,baseline,146,1728,1653,538,1369,110,4,0
collidable,3,baseline,147,1676,1601,528,1315,99,5,0
collidable,3,baseline,148,1752,1541,526,1280,124,4,0
collidable,3,baseline,149,1715,1616,561,1364,103,4,1
collidable,3,baseline,150,1708,1631,567,1346,124,3,0
collidable,3,baseline,151,1714,1670,559,1370,111,12,0
collidable,3,baseline,152,1740,1640,549,1304,112,5,1
collidable,3,baseline,153,1639,1557,579,1285,107,5,1
collidable,3,baseline,154,1694,1553,572,1225,102,3,0
collidable,3,baseline,155,1651,1557,560,1259,114,14,0
collidable,3,baseline,156,1512,1415,547,1159,104,3,1
collidable,3,baseline,157,1532,1436,529,1160,103,3,1
collidable,3,baseline,158,1479,1422,520,1150,104,6,0
collidable,3,baseline,159,1485,1389,531,1143,91,4,1
collidable,3,baseline,160,1998,1482,517,1126,109,7,1
collidable,3,baseline,161,1479,1335,509,1105,99,4,1
collidable,3,baseline,162,1493,1402,505,1150,98,4,0
collidable,3,baseline,163,1466,1397,499,1128,103,7,0
collidable,3,baseline,164,1399,1311,485,1082,87,5,0
collidable,3,baseline,165,1440,1386,478,1129,105,4,1
collidable,3,baseline,166,1395,1354,473,1127,90,8,0
collidable,3,baseline,167,1431,1302,471,1053,101,4,1
collidable,3,baseline,168,1454,1398,471,1135,105,13,0
collidable,3,baseline,169,1414,1352,465,1112,93,7,0
collidable,3,baseline,170,1390,1299,460,1044,109,7,0
collidable,3,baseline,171,1377,1272,448,1024,100,8,1
collidable,3,baseline,172,1324,1243,433,988,90,15,1
collidable,3,baseline,173,1356,1254,428,990,99,4,0
collidable,3,baseline,174,1359,1175,420,958,82,4,1
collidable,3,baseline,175,1350,1248,407,994,100,7,1
collidable,3,baseline,176,1322,1246,394,999,94,14,0
collidable,3,baseline,177,1290,1243,382,945,83,3,0
collidable,3,baseline,178,1207,1166,377,933,78,3,0
collidable,3,baseline,179,1180,1072,361,856,75,3,0
collidable,3,baseline,180,25913,1680,2428,819,617,4,0
collidable,3,baseline,181,129204,128984,2390,127557,591,20,1
collidable,3,baseline,182,97168,97087,2147,95740,547,4,0
collidable,3,baseline,183,70621,70564,1767,69226,488,8,0
collidable,3,baseline,184,54323,54218,1462,53043,453,10,1
collidable,3,baseline,185,36011,35961,1188,34891,321,4,0
collidable,3,baseline,186,25608,25557,987,24693,261,5,0
collidable,3,baseline,187,16411,16344,818,15651,219,6,0
collidable,3,baseline,188,10424,10382,656,9828,178,3,0
collidable,3,baseline,189,6349,6307,551,5796,174,4,0
collidable,3,baseline,190,4965,4926,537,4467,174,10,0
collidable,3,baseline,191,3458,3419,506,3076,152,3,1
collidable,3,baseline,192,3119,3038,505,2663,136,4,0
collidable,3,baseline,193,2823,2593,488,2253,142,4,1
collidable,3,baseline,194,2347,2269,486,1985,128,4,0
collidable,3,baseline,195,2269,2219,488,1872,146,4,0
collidable,3,baseline,196,2190,2124,481,1767,131,5,0
collidable,3,baseline,197,2061,1972,484,1695,131,6,0
collidable,3,baseline,198,2012,1941,483,1677,125,14,1
collidable,3,baseline,199,2003,1961,473,1660,121,3,0
collidable,3,baseline,200,2174,1999,502,1611,135,4,0
collidable,3,baseline,201,1949,1904,500,1579,126,7,0
collidable,3,baseline,202,1885,1820,493,1547,114,6,1
collidable,3,baseline,203,1900,1812,492,1515,122,8,0
collidable,3,baseline,204,1870,1823,506,1572,112,3,0
collidable,3,baseline,205,1819,1747,493,1446,129,24,1
collidable,3,baseline,206,1816,1726,482,1428,119,5,0
collidable,3,baseline,207,1882,1675,477,1406,113,3,0
collidable,3,baseline,208,1813,1744,465,1403,123,12,1
collidable,3,baseline,209,1708,1622,461,1354,98,10,0
collidable,3,baseline,210,1695,1625,457,1331,116,5,0
collidable,3,baseline,211,1674,1592,440,1317,105,12,0
collidable,3,baseline,212,1615,1572,435,1300,101,9,0
collidable,3,baseline,213,1712,1587,433,1241,111,11,0
collidable,3,baseline,214,1626,1550,435,1252,110,9,0
collidable,3,baseline,215,1624,1529,430,1231,111,4,1
collidable,3,baseline,216,1628,1549,422,1233,102,3,0
collidable,3,baseline,217,1563,1478,440,1209,100,4,0
collidable,3,baseline,218,1544,1439,438,1198,112,4,1
collidable,3,baseline,219,1525,1447,433,1166,99,4,1
collidable,3,baseline,220,1562,1415,419,1159,105,4,0
collidable,3,baseline,221,1518,1425,416,1129,101,4,0
collidable,3,baseline,222,1489,1409,414,1128,96,7,0
collidable,3,baseline,223,1471,1425,440,1177,93,4,0
collidable,3,baseline,224,1529,1448,451,1191,92,3,0
collidable,3,baseline,225,1442,1356,443,1107,98,6,0
collidable,3,baseline,226,1612,1378,438,1051,95,3,0
collidable,3,baseline,227,1539,1465,432,1120,96,12,0
collidable,3,baseline,228,1371,1275,427,1059,89,3,1
collidable,3,baseline,229,1400,1354,421,1069,87,4,0
collidable,3,baseline,230,1367,1268,411,1037,96,7,1
collidable,3,baseline,231,1412,1364,407,1122,97,4,0
collidable,3,baseline,232,1335,1236,401,984,95,5,0
collidable,3,baseline,233,1776,1180,391,932,93,4,0
collidable,3,baseline,234,1336,1267,386,1028,83,11,0
collidable,3,baseline,235,1434,1322,377,986,100,4,0
collidable,3,baseline,236,1288,1241,366,993,91,3,1
collidable,3,baseline,237,1289,1248,364,1010,84,3,0
collidable,3,baseline,238,1332,1261,367,968,86,6,0
collidable,3,baseline,239,1298,1145,362,930,76,7,1
collidable,3,changed,0,27232,878,2108,1,487,150,0
collidable,3,changed,1,116359,116306,2084,115127,436,5,0
collidable,3,changed,2,90178,90127,1849,88990,432,6,0
collidable,3,changed,3,70300,70243,1463,68996,350,8,1
collidable,3,changed,4,46459,46398,1116,45328,303,3,0
collidable,3,changed,5,29320,29276,892,28451,244,4,0
collidable,3,changed,6,19350,19294,717,18680,183,10,1
collidable,3,changed,7,13332,13287,624,12690,158,18,0
collidable,3,changed,8,9164,9128,487,8617,131,3,0
collidable,3,changed,9,5490,5444,388,4971,101,7,1
collidable,3,changed,10,4003,3951,359,3549,97,4,0
collidable,3,changed,11,2845,2805,405,2556,81,4,0
collidable,3,changed,12,2334,2288,452,1956,77,4,0
collidable,3,changed,13,1947,1906,472,1528,88,8,1
collidable,3,changed,14,1766,1649,517,1430,75,4,0
collidable,3,changed,15,1636,1558,524,1343,71,5,0
collidable,3,changed,16,1546,1493,534,1283,68,20,1
collidable,3,changed,17,1547,1483,549,1264,70,13,0
collidable,3,changed,18,1584,1504,558,1211,69,13,0
collidable,3,changed,19,1461,1363,608,1160,60,5,0
collidable,3,changed,20,1506,1307,615,1100,71,8,1
collidable,3,changed,21,1425,1335,599,1094,68,4,1
collidable,3,changed,22,1344,1264,591,1047,63,5,1
collidable,3,changed,23,1318,1261,581,1071,62,4,1
collidable,3,changed,24,1351,1290,572,967,59,9,0
collidable,3,changed,25,1449,1339,561,1021,67,5,1
collidable,3,changed,26,1260,1195,594,1004,58,7,1
collidable,3,changed,27,1331,1159,584,922,55,4,1
collidable,3,changed,28,1220,1138,574,902,56,4,0
collidable,3,changed,29,1094,1047,565,853,55,4,0
collidable,3,changed,30,1146,1097,555,854,53,4,0
collidable,3,changed,31,1102,1052,550,852,60,4,0
collidable,3,changed,32,1099,1017,536,826,52,5,2
collidable,3,changed,33,1200,1101,527,858,54,12,1
collidable,3,changed,34,1210,1050,515,797,58,5,0
collidable,3,changed,35,1065,1011,506,805,50,8,1
collidable,3,changed,36,1092,1020,526,839,48,10,1
collidable,3,changed,37,1084,1021,533,847,53,4,0
collidable,3,changed,38,1076,1022,526,827,53,5,0
collidable,3,changed,39,1025,926,514,728,48,12,0
collidable,3,changed,40,1059,968,524,766,48,7,0
collidable,3,changed,41,1163,961,495,711,52,6,1
collidable,3,changed,42,1032,965,465,741,46,8,1
collidable,3,changed,43,932,888,450,709,46,6,1
collidable,3,changed,44,1001,903,429,686,44,4,0
collidable,3,changed,45,1036,971,415,755,47,5,0
collidable,3,changed,46,931,888,397,731,45,6,1
collidable,3,changed,47,961,889,386,688,48,11,1
collidable,3,changed,48,1043,876,370,632,44,4,2
collidable,3,changed,49,1050,957,352,665,41,5,0
collidable,3,changed,50,916,831,344,652,44,11,0
collidable,3,changed,51,860,817,336,621,41,6,0
collidable,3,changed,52,877,794,331,636,41,4,0
collidable,3,changed,53,925,839,320,611,41,5,0
collidable,3,changed,54,956,790,310,553,35,5,0
collidable,3,changed,55,880,812,309,610,36,4,0
collidable,3,changed,56,851,782,292,556,40,5,0
collidable,3,changed,57,842,763,286,554,37,5,0
collidable,3,changed,58,857,780,281,547,38,6,0
collidable,3,changed,59,1232,708,268,534,37,4,0
collidable,3,changed,60,26365,1185,2377,483,550,7,0
collidable,3,changed,61,120373,120204,2351,118866,494,8,0
collidable,3,changed,62,92746,92667,2120,91384,457,11,0
collidable,3,changed,63,70371,70315,1713,68909,386,3,0
collidable,3,changed,64,46183,46120,1362,44907,334,67,0
collidable,3,changed,65,32549,32495,1123,31598,279,3,0
collidable,3,changed,66,18044,17984,880,17199,197,4,0
collidable,3,changed,67,11529,11419,755,10893,163,5,0
collidable,3,changed,68,7891,7836,640,7270,163,7,0
collidable,3,changed,69,5259,5209,611,4788,126,8,0
collidable,3,changed,70,3899,3836,576,3402,128,6,1
collidable,3,changed,71,2753,2694,566,2397,111,5,0
collidable,3,changed,72,2520,2477,585,2124,111,6,0
collidable,3,changed,73,2229,2172,593,1814,113,9,1
collidable,3,changed,74,2227,2028,591,1717,94,6,2
collidable,3,changed,75,2042,1985,589,1720,101,7,0
collidable,3,changed,76,1896,1817,574,1596,93,5,1
collidable,3,changed,77,1967,1917,563,1648,98,5,0
collidable,3,changed,78,1826,1728,552,1452,106,5,1
collidable,3,changed,79,1884,1825,545,1526,90,13,0
collidable,3,changed,80,1983,1782,551,1466,98,4,0
collidable,3,changed,81,1852,1770,548,1466,91,9,0
collidable,3,changed,82,1700,1625,539,1387,89,5,0
collidable,3,changed,83,1716,1638,528,1340,81,6,0
collidable,3,changed,84,1588,1498,524,1283,79,4,0
collidable,3,changed,85,1625,1532,519,1237,94,4,0
collidable,3,changed,86,1679,1523,512,1223,78,4,0
collidable,3,changed,87,1518,1429,497,1187,93,8,0
collidable,3,changed,88,1483,1393,523,1162,83,4,0
collidable,3,changed,89,1343,1290,519,1094,72,7,0
collidable,3,changed,90,1444,1354,511,1114,85,4,0
collidable,3,changed,91,1414,1317,505,1107,78,4,1
collidable,3,changed,92,1441,1339,496,1105,79,7,0
collidable,3,changed,93,1375,1236,488,1035,72,4,0
collidable,3,changed,94,1389,1300,479,1068,70,9,0
collidable,3,changed,95,1443,1367,469,1070,80,5,0
collidable,3,changed,96,1333,1255,450,1039,73,10,1
collidable,3,changed,97,1301,1217,441,981,68,6,0
collidable,3,changed,98,1253,1173,424,951,72,5,0
collidable,3,changed,99,1280,1144,417,924,60,5,0
collidable,3,changed,100,1255,1165,407,959,68,4,0
collidable,3,changed,101,1241,1146,396,933,68,10,0
collidable,3,changed,102,1224,1145,370,928,65,12,0
collidable,3,changed,103,1275,1175,353,923,72,4,0
collidable,3,changed,104,1171,1097,345,917,59,5,0
collidable,3,changed,105,1297,1077,335,851,65,3,0
collidable,3,changed,106,1196,1097,326,910,67,7,0
collidable,3,changed,107,1223,1143,322,913,61,4,0
collidable,3,changed,108,1113,1025,312,830,58,4,0
collidable,3,changed,109,1143,1058,318,839,58,6,0
collidable,3,changed,110,1141,1044,323,842,64,9,0
collidable,3,changed,111,1186,1082,336,879,56,8,1
collidable,3,changed,112,1162,1008,332,779,55,4,1
collidable,3,changed,113,1116,1021,318,806,58,5,0
collidable,3,changed,114,1105,1007,311,799,52,6,0
collidable,3,changed,115,1061,973,311,776,54,3,0
collidable,3,changed,116,1037,949,299,754,57,7,0
collidable,3,changed,117,1007,968,296,794,52,3,1
collidable,3,changed,118,1007,930,285,709,55,4,0
collidable,3,changed,119,1097,866,280,703,49,3,0
collidable,3,changed,120,27685,1540,2386,689,576,5,0
collidable,3,changed,121,122540,122487,2359,121198,453,5,0
collidable,3,changed,122,91657,91570,2138,90281,458,6,0
collidable,3,changed,123,68402,68353,1693,67030,380,5,0
collidable,3,changed,124,46162,46044,1421,44854,358,6,0
collidable,3,changed,125,31037,30996,1191,29955,287,9,0
collidable,3,changed,126,20790,20753,967,19969,223,4,0
collidable,3,changed,127,13860,13725,900,13073,181,5,0
collidable,3,changed,128,9645,9614,750,9029,156,3,0
collidable,3,changed,129,5976,5939,658,5478,134,13,0
collidable,3,changed,130,4293,4240,619,3803,139,3,0
collidable,3,changed,131,3142,3070,596,2703,116,3,0
collidable,3,changed,132,3065,2603,584,2305,117,4,1
collidable,3,changed,133,2360,2318,606,1987,117,4,0
collidable,3,changed,134,2389,2185,648,1929,104,4,0
collidable,3,changed,135,2294,2185,644,1846,119,6,0
collidable,3,changed,136,2138,2094,633,1808,107,4,0
collidable,3,changed,137,2020,1977,626,1702,104,6,0
collidable,3,changed,138,1977,1880,620,1624,104,9,0
collidable,3,changed,139,1959,1908,609,1579,108,5,0
collidable,3,changed,140,1900,1777,593,1489,110,15,0
collidable,3,changed,141,1895,1805,585,1467,100,15,0
collidable,3,changed,142,1854,1762,574,1444,94,16,0
collidable,3,changed,143,1888,1795,564,1445,102,18,0
collidable,3,changed,144,1739,1699,553,1477,89,4,0
collidable,3,changed,145,1851,1770,551,1460,93,15,0
collidable,3,changed,146,1698,1492,538,1281,88,3,1
collidable,3,changed,147,1709,1621,528,1393,83,4,0
collidable,3,changed,148,1642,1559,526,1333,84,6,0
collidable,3,changed,149,1662,1565,561,1329,94,7,1
collidable,3,changed,150,1731,1678,567,1391,98,5,1
collidable,3,changed,151,1709,1653,559,1352,91,3,1
collidable,3,changed,152,1632,1563,549,1272,88,12,1
collidable,3,changed,153,1703,1566,579,1284,75,5,1
collidable,3,changed,154,1622,1540,572,1243,75,13,0
collidable,3,changed,155,1508,1441,560,1189,82,9,0
collidable,3,changed,156,1447,1353,547,1130,79,4,0
collidable,3,changed,157,1488,1404,529,1122,79,7,0
collidable,3,changed,158,1487,1435,520,1201,81,4,0
collidable,3,changed,159,1503,1404,531,1112,81,4,1
collidable,3,changed,160,1481,1322,517,1107,83,3,0
collidable,3,changed,161,1443,1334,509,1099,87,8,1
collidable,3,changed,162,1502,1458,505,1154,84,4,0
collidable,3,changed,163,1431,1329,499,1069,77,8,0
collidable,3,changed,164,1381,1312,485,1090,70,9,0
collidable,3,changed,165,1414,1327,478,1050,86,4,0
collidable,3,changed,166,1393,1290,473,1070,74,4,1
collidable,3,changed,167,1366,1290,471,1039,78,4,0
collidable,3,changed,168,1404,1304,471,1089,75,6,1
collidable,3,changed,169,1364,1261,465,999,71,9,0
collidable,3,changed,170,1464,1351,460,1014,78,4,1
collidable,3,changed,171,1291,1206,448,986,71,10,1
collidable,3,changed,172,1354,1300,433,975,69,9,0
collidable,3,changed,173,1345,1173,428,972,77,4,0
collidable,3,changed,174,1330,1243,420,989,63,4,0
collidable,3,changed,175,1226,1149,407,937,71,3,2
collidable,3,changed,176,1237,1149,394,950,66,7,0
collidable,3,changed,177,1273,1176,382,896,65,4,0
collidable,3,changed,178,1150,1062,377,871,62,3,0
collidable,3,changed,179,1254,1097,361,867,58,8,0
collidable,3,changed,180,26575,1612,2428,810,528,4,0
collidable,3,changed,181,118617,118574,2390,117299,446,4,0
collidable,3,changed,182,88914,88833,2147,87516,455,4,0
collidable,3,changed,183,65187,65147,1767,63886,392,4,0
collidable,3,changed,184,49447,49341,1462,48185,362,4,0
collidable,3,changed,185,32062,32005,1188,31071,277,7,0
collidable,3,changed,186,22574,22528,987,21745,222,6,0
collidable,3,changed,187,15311,15216,818,14506,187,4,0
collidable,3,changed,188,9574,9544,656,8944,153,7,0
collidable,3,changed,189,5772,5735,551,5294,133,3,0
collidable,3,changed,190,4675,4596,537,4212,133,4,0
collidable,3,changed,191,3415,3359,506,2954,138,4,0
collidable,3,changed,192,2984,2946,505,2557,126,4,0
collidable,3,changed,193,2498,2454,488,2161,113,14,1
collidable,3,changed,194,2393,2189,486,1873,108,4,1
collidable,3,changed,195,2129,2035,488,1779,120,4,0
collidable,3,changed,196,2031,1942,481,1674,108,7,1
collidable,3,changed,197,2010,1957,484,1701,114,11,0
collidable,3,changed,198,2042,1984,483,1671,113,5,0
collidable,3,changed,199,2017,1929,473,1633,98,14,1
collidable,3,changed,200,2036,1942,502,1611,110,9,0
collidable,3,changed,201,2046,1796,500,1536,102,4,0
collidable,3,changed,202,1850,1774,493,1470,104,4,0
collidable,3,changed,203,1835,1747,492,1499,95,6,1
collidable,3,changed,204,1758,1671,506,1451,90,13,0
collidable,3,changed,205,2156,1660,493,1382,97,3,1
collidable,3,changed,206,1774,1685,482,1364,98,6,0
collidable,3,changed,207,1716,1629,477,1367,84,7,1
collidable,3,changed,208,1760,1624,465,1308,97,3,1
collidable,3,changed,209,1656,1580,461,1296,77,7,0
collidable,3,changed,210,1663,1559,457,1285,94,12,1
collidable,3,changed,211,1579,1505,440,1262,83,20,0
collidable,3,changed,212,1653,1559,435,1260,86,8,1
collidable,3,changed,213,1566,1461,433,1225,72,4,0
collidable,3,changed,214,1463,1398,435,1195,74,3,0
collidable,3,changed,215,1539,1412,430,1187,82,3,0
collidable,3,changed,216,1593,1502,422,1202,82,3,0
collidable,3,changed,217,1458,1365,440,1162,82,4,1
collidable,3,changed,218,1521,1413,438,1180,79,8,0
collidable,3,changed,219,1480,1387,433,1142,70,16,1
collidable,3,changed,220,1527,1429,419,1164,86,3,0
collidable,3,changed,221,1419,1281,416,1074,74,6,0
collidable,3,changed,222,1413,1368,414,1160,74,4,1
collidable,3,changed,223,1439,1361,440,1136,71,14,0
collidable,3,changed,224,1407,1356,451,1137,72,4,0
collidable,3,changed,225,1562,1473,443,1198,78,4,0
collidable,3,changed,226,1479,1421,438,1111,83,4,1
collidable,3,changed,227,1362,1269,432,1048,74,4,0
collidable,3,changed,228,1435,1210,427,1007,76,3,0
collidable,3,changed,229,1404,1328,421,1057,71,4,0
collidable,3,changed,230,1277,1217,411,1014,74,9,0
collidable,3,changed,231,1352,1246,407,1035,75,10,1
collidable,3,changed,232,1288,1215,401,993,73,11,0
collidable,3,changed,233,1276,1200,391,972,76,14,1
collidable,3,changed,234,1443,1326,386,1002,72,4,1
collidable,3,changed,235,1285,1187,377,967,66,14,1
collidable,3,changed,236,1311,1205,366,938,70,7,2
collidable,3,changed,237,1233,1159,364,953,60,12,0
collidable,3,changed,238,1215,1159,367,916,69,4,0
collidable,3,changed,239,1220,1082,362,879,59,3,0
