variant,tick,simulation_us,movable_us,particles
baseline,0,6582,555,508
baseline,1,16095,16025,487
baseline,2,12155,12110,455
baseline,3,10245,10201,412
baseline,4,7647,7596,359
baseline,5,5721,5664,314
baseline,6,4341,4273,274
baseline,7,3019,2978,248
baseline,8,2809,2745,242
baseline,9,2050,2001,256
baseline,10,1848,1793,271
baseline,11,1821,1764,361
baseline,12,1694,1640,372
baseline,13,1591,1532,383
baseline,14,1498,1383,391
baseline,15,1340,1281,390
baseline,16,1315,1242,390
baseline,17,1264,1204,393
baseline,18,1316,1258,413
baseline,19,1151,1097,419
baseline,20,1257,1182,429
baseline,21,1076,1008,425
baseline,22,1133,1071,432
baseline,23,1269,1209,451
baseline,24,1130,1074,448
baseline,25,1109,1048,449
baseline,26,1170,1113,443
baseline,27,1103,1044,433
baseline,28,1041,978,434
baseline,29,1026,970,424
baseline,30,1036,974,416
baseline,31,984,927,409
baseline,32,1070,1017,401
baseline,33,1036,984,392
baseline,34,1085,890,385
baseline,35,992,943,374
baseline,36,1026,969,374
baseline,37,881,834,367
baseline,38,996,915,362
baseline,39,939,884,352
baseline,40,998,881,342
baseline,41,1023,945,309
baseline,42,911,845,283
baseline,43,941,871,274
baseline,44,821,756,267
baseline,45,891,825,267
baseline,46,875,805,259
baseline,47,936,842,251
baseline,48,983,923,240
baseline,49,877,820,235
baseline,50,914,855,237
baseline,51,897,841,245
baseline,52,907,850,239
baseline,53,933,778,229
baseline,54,982,930,221
baseline,55,803,737,213
baseline,56,884,834,203
baseline,57,945,887,200
baseline,58,830,778,193
baseline,59,947,845,190
baseline,60,6627,825,696
baseline,61,17338,17275,666
baseline,62,12745,12695,630
baseline,63,10664,10607,580
baseline,64,8876,8819,528
baseline,65,5946,5900,506
baseline,66,4764,4639,489
baseline,67,3967,3906,459
baseline,68,3242,3175,420
baseline,69,2516,2470,397
baseline,70,2418,2363,400
baseline,71,2114,2063,454
baseline,72,2098,2024,468
baseline,73,2220,1996,473
baseline,74,1917,1863,475
baseline,75,1740,1672,486
baseline,76,1655,1608,480
baseline,77,1612,1559,473
baseline,78,1648,1591,470
baseline,79,1665,1475,483
baseline,80,1543,1486,481
baseline,81,1543,1485,490
baseline,82,1626,1569,532
baseline,83,1586,1531,566
baseline,84,1455,1410,587
baseline,85,1445,1377,587
baseline,86,1469,1298,583
baseline,87,1479,1421,572
baseline,88,1364,1314,568
baseline,89,1416,1370,565
baseline,90,1516,1457,554
baseline,91,1353,1300,547
baseline,92,1357,1306,547
baseline,93,1357,1203,533
baseline,94,1314,1262,530
baseline,95,1371,1308,564
baseline,96,1329,1271,582
baseline,97,1302,1246,561
baseline,98,1780,1299,545
baseline,99,1475,1278,537
baseline,100,1345,1281,539
baseline,101,1325,1267,534
baseline,102,1344,1251,533
baseline,103,1256,1189,524
baseline,104,1219,1153,505
baseline,105,1205,1134,488
baseline,106,1376,1141,483
baseline,107,1234,1187,482
baseline,108,1207,1156,472
baseline,109,1181,1124,447
baseline,110,1197,1114,434
baseline,111,1203,1154,420
baseline,112,1316,1120,406
baseline,113,1264,1206,386
baseline,114,1142,1096,369
baseline,115,1118,1068,358
baseline,116,1105,1056,347
baseline,117,1074,1029,342
baseline,118,1283,1038,333
baseline,119,1080,962,332
baseline,120,6536,1260,840
baseline,121,17036,16952,811
baseline,122,12287,12242,772
baseline,123,10249,10174,720
baseline,124,7807,7637,655
baseline,125,6349,6290,614
baseline,126,5091,5045,581
baseline,127,3798,3753,579
baseline,128,3249,3145,529
baseline,129,2791,2710,514
baseline,130,2627,2562,514
baseline,131,2511,2262,509
baseline,132,2469,2405,507
baseline,133,2180,2130,504
baseline,134,2161,2068,497
baseline,135,2146,2096,511
baseline,136,2041,1999,537
baseline,137,1963,1861,548
baseline,138,1905,1862,552
baseline,139,2072,2022,565
baseline,140,1876,1812,560
baseline,141,1860,1810,552
baseline,142,1758,1711,557
baseline,143,1879,1825,572
baseline,144,1915,1680,582
baseline,145,1702,1655,586
baseline,146,1701,1643,588
baseline,147,1682,1631,579
baseline,148,1715,1662,590
baseline,149,1652,1603,580
baseline,150,1727,1521,571
baseline,151,1684,1622,565
baseline,152,1655,1598,570
baseline,153,1650,1591,572
baseline,154,1550,1475,561
baseline,155,1574,1528,566
baseline,156,1619,1566,565
baseline,157,1652,1451,550
baseline,158,1483,1430,554
baseline,159,1529,1446,551
baseline,160,1454,1413,540
baseline,161,1435,1365,538
baseline,162,1439,1372,539
baseline,163,1641,1457,532
baseline,164,1480,1431,524
baseline,165,1408,1357,513
baseline,166,1476,1417,492
baseline,167,1391,1329,478
baseline,168,1419,1368,478
baseline,169,1441,1303,462
baseline,170,1364,1289,449
baseline,171,1773,1315,447
baseline,172,1444,1399,446
baseline,173,1365,1269,434
baseline,174,1292,1230,424
baseline,175,1363,1297,435
baseline,176,1520,1275,430
baseline,177,1364,1301,444
baseline,178,1299,1235,440
baseline,179,1371,1271,438
baseline,180,7139,1318,883
baseline,181,17249,17189,860
baseline,182,12780,12611,804
baseline,183,9902,9861,742
baseline,184,7829,7777,696
baseline,185,5868,5824,656
baseline,186,4804,4756,625
baseline,187,3518,3467,584
baseline,188,3053,2820,553
baseline,189,2713,2646,526
baseline,190,2556,2495,510
baseline,191,2435,2364,501
baseline,192,2139,2072,488
baseline,193,2374,2312,498
baseline,194,1936,1883,504
baseline,195,2112,1894,496
baseline,196,1904,1836,480
baseline,197,1852,1799,469
baseline,198,1769,1710,477
baseline,199,1653,1610,469
baseline,200,1695,1635,461
baseline,201,1746,1520,454
baseline,202,1548,1493,447
baseline,203,1588,1536,440
baseline,204,1614,1561,431
baseline,205,1663,1605,423
baseline,206,1487,1433,404
baseline,207,1549,1418,401
baseline,208,1722,1638,419
baseline,209,1452,1403,420
baseline,210,1727,1670,416
baseline,211,1423,1379,406
baseline,212,1483,1410,410
baseline,213,1555,1465,411
baseline,214,1561,1356,406
baseline,215,1436,1375,401
baseline,216,1426,1374,389
baseline,217,1447,1383,379
baseline,218,1258,1198,377
baseline,219,1354,1249,374
baseline,220,1565,1326,374
baseline,221,1496,1407,366
baseline,222,1353,1305,363
baseline,223,1324,1252,357
baseline,224,1526,1458,355
baseline,225,1374,1300,357
baseline,226,1267,1202,363
baseline,227,1436,1264,367
baseline,228,1349,1280,355
baseline,229,1425,1353,350
baseline,230,1367,1288,345
baseline,231,1331,1260,345
baseline,232,1387,1319,340
baseline,233,1398,1162,339
baseline,234,1236,1155,331
baseline,235,1203,1145,331
baseline,236,1235,1177,325
baseline,237,1231,1162,314
baseline,238,1412,1346,294
baseline,239,1412,1097,290
changed,0,7054,584,508
changed,1,17442,17368,484
changed,2,10993,10927,441
changed,3,8366,8307,392
changed,4,7006,6937,357
changed,5,5612,5542,355
changed,6,5186,5121,366
changed,7,4239,4182,384
changed,8,3494,3427,336
changed,9,2802,2736,316
changed,10,2577,2498,311
changed,11,2036,1972,312
changed,12,1789,1726,312
changed,13,1728,1659,322
changed,14,1751,1665,331
changed,15,1495,1432,342
changed,16,1472,1421,356
changed,17,1614,1553,375
changed,18,1495,1427,367
changed,19,1293,1232,358
changed,20,1282,1227,352
changed,21,1157,1112,347
changed,22,1324,1158,342
changed,23,1202,1140,339
changed,24,1192,1118,335
changed,25,1166,1101,335
changed,26,1142,1078,333
changed,27,1173,1108,325
changed,28,1139,1068,324
changed,29,1178,1105,325
changed,30,1345,1252,314
changed,31,1110,1053,312
changed,32,1295,1231,311
changed,33,998,952,308
changed,34,1163,1111,316
changed,35,1129,1011,313
changed,36,1104,1039,303
changed,37,1150,1088,292
changed,38,1094,1026,289
changed,39,1147,1074,286
changed,40,1039,972,280
changed,41,1052,942,288
changed,42,1042,982,282
changed,43,905,855,271
changed,44,925,866,263
changed,45,1053,993,254
changed,46,1092,1026,253
changed,47,1072,1002,238
changed,48,892,836,235
changed,49,933,881,232
changed,50,924,868,236
changed,51,1006,939,242
changed,52,1006,941,240
changed,53,1081,984,238
changed,54,1017,944,236
changed,55,925,870,238
changed,56,911,840,235
changed,57,969,914,231
changed,58,1003,936,226
changed,59,978,878,223
changed,60,7064,1026,730
changed,61,17955,17890,709
changed,62,12489,12438,675
changed,63,9507,9450,630
changed,64,7676,7613,589
changed,65,6303,6238,575
changed,66,5363,5151,559
changed,67,4734,4662,553
changed,68,4260,4193,516
changed,69,3261,3203,498
changed,70,2951,2866,495
changed,71,3006,2936,488
changed,72,2828,2751,487
changed,73,3007,2621,514
changed,74,2473,2391,547
changed,75,2399,2327,553
changed,76,2449,2364,551
changed,77,2109,2033,548
changed,78,2107,2041,547
changed,79,1985,1843,545
changed,80,2101,2041,549
changed,81,2542,2437,544
changed,82,2441,2346,551
changed,83,2577,2499,546
changed,84,2096,2020,550
changed,85,2170,2077,545
changed,86,2076,1770,541
changed,87,2028,1946,537
changed,88,1867,1805,530
changed,89,1875,1816,521
changed,90,1856,1766,515
changed,91,1829,1750,507
changed,92,1848,1746,503
changed,93,1652,1585,492
changed,94,1748,1685,483
changed,95,1783,1715,470
changed,96,1760,1701,463
changed,97,1770,1706,460
changed,98,1631,1573,471
changed,99,1746,1687,475
changed,100,1789,1548,471
changed,101,1490,1436,461
changed,102,1514,1465,445
changed,103,1571,1497,430
changed,104,1552,1490,426
changed,105,1428,1368,428
changed,106,1418,1356,414
changed,107,1352,1283,415
changed,108,1347,1274,410
changed,109,1270,1177,401
changed,110,1405,1343,389
changed,111,1769,1306,389
changed,112,1555,1486,381
changed,113,1646,1474,382
changed,114,1419,1356,378
changed,115,1419,1359,374
changed,116,1301,1244,367
changed,117,1299,1234,360
changed,118,1281,1224,352
changed,119,1424,1170,351
changed,120,7349,1338,861
changed,121,18971,18908,847
changed,122,11447,11400,820
changed,123,8925,8877,784
changed,124,7382,7327,747
changed,125,6990,6830,706
changed,126,5844,5791,681
changed,127,4621,4545,638
changed,128,4072,4015,618
changed,129,3701,3642,607
changed,130,3288,3236,604
changed,131,2983,2941,596
changed,132,2917,2702,589
changed,133,2654,2612,590
changed,134,2525,2462,596
changed,135,2578,2489,614
changed,136,2238,2172,640
changed,137,2184,2131,634
changed,138,2231,2095,631
changed,139,2137,2073,622
changed,140,2079,2019,625
changed,141,2023,1976,614
changed,142,1916,1852,602
changed,143,1896,1852,595
changed,144,1945,1888,579
changed,145,2067,1891,576
changed,146,1847,1808,564
changed,147,1881,1838,556
changed,148,1850,1799,545
changed,149,1851,1807,544
changed,150,1770,1727,539
changed,151,1816,1745,533
changed,152,1963,1766,529
changed,153,1740,1692,517
changed,154,1709,1654,517
changed,155,1785,1744,511
changed,156,1635,1595,507
changed,157,1704,1652,493
changed,158,1601,1534,469
changed,159,1659,1560,459
changed,160,1655,1613,454
changed,161,1644,1599,447
changed,162,1545,1500,444
changed,163,1553,1475,443
changed,164,1552,1497,439
changed,165,1528,1474,423
changed,166,1652,1478,406
changed,167,1485,1435,418
changed,168,1528,1483,424
changed,169,1541,1494,421
changed,170,1645,1593,406
changed,171,1557,1518,411
changed,172,1571,1402,407
changed,173,1576,1527,398
changed,174,1432,1385,389
changed,175,1371,1312,387
changed,176,1397,1339,379
changed,177,1410,1367,379
changed,178,1456,1368,373
changed,179,1544,1250,367
changed,180,6880,1475,807
changed,181,18200,18140,796
changed,182,11677,11635,763
changed,183,9464,9409,721
changed,184,7890,7443,688
changed,185,6281,6091,661
changed,186,5511,5472,652
changed,187,4772,4731,615
changed,188,4091,4033,596
changed,189,3625,3577,566
changed,190,3149,3089,555
changed,191,3077,3020,542
changed,192,2911,2682,528
changed,193,2561,2485,519
changed,194,2496,2421,506
changed,195,2405,2309,519
changed,196,2320,2231,516
changed,197,2139,2099,530
changed,198,2401,2322,517
changed,199,2250,2106,522
changed,200,2170,2097,516
changed,201,2076,2013,509
changed,202,1984,1947,505
changed,203,1950,1889,498
changed,204,1911,1827,491
changed,205,2035,1814,485
changed,206,1920,1852,481
changed,207,1897,1819,469
changed,208,1903,1822,467
changed,209,1856,1793,481
changed,210,1900,1837,481
changed,211,1798,1695,470
changed,212,1880,1689,467
changed,213,1837,1741,475
changed,214,1847,1763,473
changed,215,1632,1561,469
changed,216,1668,1589,455
changed,217,1730,1619,447
changed,218,1682,1618,434
changed,219,1716,1572,431
changed,220,1628,1525,425
changed,221,1634,1587,425
changed,222,1603,1514,420
changed,223,1512,1461,414
changed,224,1587,1515,409
changed,225,1571,1505,398
changed,226,1721,1531,392
changed,227,1531,1489,412
changed,228,1540,1455,410
changed,229,1655,1563,416
changed,230,1537,1445,422
changed,231,1541,1456,417
changed,232,1738,1513,414
changed,233,1511,1449,407
changed,234,1544,1454,404
changed,235,1488,1432,398
changed,236,1420,1341,398
changed,237,1414,1373,391
changed,238,1481,1427,388
changed,239,1604,1321,376
